,REF,Review Date,Cocoa Percent,Rating,Num_of_Ingredients,clusters
0,2454,2019,76.0,3.25,3,1
1,2458,2019,76.0,3.5,3,1
2,2454,2019,76.0,3.75,3,1
3,2542,2021,68.0,3.0,3,1
4,2546,2021,72.0,3.0,3,1
5,2546,2021,80.0,3.25,3,1
6,2542,2021,68.0,3.5,3,1
7,797,2012,70.0,3.5,4,0
8,797,2012,63.0,3.75,4,0
9,1011,2013,70.0,2.75,4,2
10,1015,2013,70.0,2.75,4,2
11,1011,2013,70.0,3.0,4,2
12,1015,2013,70.0,3.0,4,2
13,1011,2013,70.0,3.25,4,2
14,1015,2013,70.0,3.25,4,2
15,1019,2013,70.0,3.25,4,2
16,1019,2013,70.0,3.5,4,2
17,1011,2013,70.0,3.75,4,2
18,1015,2013,70.0,4.0,4,2
19,1019,2013,63.0,4.0,3,2
20,1315,2014,70.0,2.75,4,2
21,1315,2014,70.0,3.5,4,2
22,1315,2014,70.0,3.5,4,2
23,1319,2014,70.0,3.75,4,2
24,1319,2014,70.0,4.0,4,2
25,1676,2015,70.0,2.75,4,2
26,1676,2015,70.0,3.0,4,2
27,1680,2015,70.0,3.5,4,2
28,1704,2015,70.0,3.5,4,2
29,1876,2016,63.0,3.75,4,1
30,2206,2018,70.0,3.5,4,1
31,2206,2018,63.0,3.75,4,1
32,2648,2021,70.0,4.0,4,1
33,1462,2015,70.0,3.75,2,2
34,1470,2015,70.0,3.75,2,2
35,2462,2020,74.0,3.25,2,1
36,2470,2020,70.0,3.5,2,1
37,705,2011,60.0,2.75,3,0
38,705,2011,80.0,3.25,3,0
39,705,2011,88.0,3.5,3,0
40,705,2011,72.0,3.5,3,0
41,2438,2019,70.0,2.5,2,1
42,2438,2019,70.0,2.75,2,1
43,2442,2019,70.0,2.75,2,1
44,2438,2019,70.0,3.0,2,1
45,370,2009,55.0,2.75,4,0
46,370,2009,70.0,3.0,4,0
47,316,2009,70.0,3.0,3,0
48,502,2010,75.0,2.75,4,0
49,508,2010,75.0,2.75,4,0
50,636,2011,75.0,3.75,4,0
51,1061,2013,75.0,2.5,5,2
52,1173,2013,75.0,2.5,5,2
53,1215,2014,65.0,2.75,6,2
54,1215,2014,75.0,2.75,5,2
55,1215,2014,75.0,3.0,5,2
56,1992,2017,75.0,3.5,6,1
57,1944,2017,70.0,3.5,3,1
58,1944,2017,70.0,3.5,3,1
59,1944,2017,70.0,3.5,3,1
60,1944,2017,70.0,3.5,3,1
61,1125,2013,60.0,2.5,4,2
62,1125,2013,60.0,3.0,4,2
63,1133,2013,60.0,3.0,4,2
64,1129,2013,80.0,3.25,4,2
65,1133,2013,60.0,3.25,4,2
66,1732,2016,60.0,2.5,3,2
67,1732,2016,60.0,2.5,3,2
68,1728,2016,60.0,2.75,3,2
69,1732,2016,60.0,2.75,3,2
70,1728,2016,60.0,3.0,3,2
71,2044,2018,70.0,3.0,3,1
72,147,2007,70.0,3.0,4,0
73,129,2007,70.0,3.5,4,0
74,175,2007,70.0,3.75,4,0
75,304,2008,70.0,2.75,4,0
76,363,2009,70.0,3.0,4,0
77,544,2010,70.0,3.0,4,0
78,470,2010,70.0,3.75,4,0
79,470,2010,70.0,4.0,4,0
80,725,2011,70.0,4.0,4,0
81,327,2009,70.0,2.75,2,0
82,464,2009,85.0,2.75,2,0
83,322,2009,70.0,3.0,2,0
84,464,2009,85.0,3.0,2,0
85,1964,2017,70.0,3.0,0,1
86,1964,2017,70.0,3.5,0,1
87,1145,2013,72.0,3.25,3,2
88,1145,2013,73.0,3.5,3,2
89,1494,2015,64.0,3.0,4,2
90,1494,2015,66.0,3.25,2,2
91,1498,2015,75.0,3.25,2,2
92,1498,2015,63.0,3.25,2,2
93,1498,2015,70.0,3.25,2,2
94,1498,2015,68.0,3.5,2,2
95,75,2006,66.0,3.75,4,0
96,123,2007,70.0,3.0,4,0
97,123,2007,70.0,3.0,4,0
98,123,2007,70.0,3.5,4,0
99,129,2007,70.0,3.5,4,0
100,170,2007,63.0,3.5,4,0
101,123,2007,70.0,3.75,4,0
102,979,2012,70.0,3.75,4,2
103,2088,2018,70.0,3.0,4,1
104,2088,2018,70.0,3.0,4,1
105,2092,2018,70.0,3.0,4,1
106,2092,2018,75.0,3.5,4,1
107,2434,2019,70.0,2.75,3,1
108,572,2010,85.0,2.75,4,0
109,572,2010,50.0,3.75,4,0
110,572,2010,75.0,3.75,4,0
111,572,2010,60.0,4.0,4,0
112,1065,2013,75.0,3.25,4,2
113,1259,2014,75.0,3.0,2,2
114,1852,2016,75.0,3.5,2,1
115,2586,2021,75.0,3.0,2,1
116,2586,2021,75.0,3.25,2,1
117,1379,2014,72.0,2.5,3,2
118,1379,2014,75.0,2.75,3,2
119,1375,2014,75.0,3.0,3,2
120,1379,2014,75.0,3.0,3,2
121,1602,2015,75.0,2.75,2,2
122,1602,2015,70.0,3.25,2,2
123,1534,2015,70.0,3.5,2,2
124,1534,2015,68.0,3.5,2,2
125,1598,2015,70.0,3.5,2,2
126,1602,2015,75.0,3.5,3,2
127,1534,2015,70.0,3.75,2,2
128,1598,2015,70.0,3.75,2,2
129,1598,2015,70.0,4.0,2,2
130,1904,2016,70.0,3.25,3,1
131,1904,2016,70.0,3.25,3,1
132,1928,2016,70.0,3.25,2,1
133,1928,2016,73.0,3.25,2,1
134,1724,2016,70.0,3.5,2,2
135,1900,2016,73.0,3.5,3,1
136,1904,2016,70.0,3.5,2,1
137,1908,2016,70.0,3.5,2,1
138,1724,2016,70.0,3.75,2,2
139,1904,2016,70.0,3.75,3,1
140,1928,2016,70.0,3.75,2,1
141,1908,2016,70.0,4.0,2,1
142,1924,2016,70.0,4.0,2,1
143,2020,2017,70.0,3.5,2,1
144,2020,2017,70.0,3.5,3,1
145,2020,2017,73.0,3.5,3,1
146,2028,2017,70.0,3.5,3,1
147,2024,2017,70.0,4.0,2,1
148,2028,2017,70.0,4.0,2,1
149,2068,2018,70.0,3.0,2,1
150,2254,2018,70.0,4.0,2,1
151,2450,2019,70.0,3.0,3,1
152,2330,2019,70.0,3.25,3,1
153,2166,2018,70.0,3.0,2,1
154,2162,2018,70.0,3.25,2,1
155,2162,2018,70.0,3.5,2,1
156,2162,2018,70.0,3.5,2,1
157,300,2008,72.0,3.75,3,0
158,363,2009,72.0,1.75,3,0
159,355,2009,75.0,2.5,3,0
160,355,2009,72.0,2.75,3,0
161,363,2009,80.0,3.0,3,0
162,363,2009,75.0,3.0,3,0
163,363,2009,72.0,3.25,3,0
164,486,2010,100.0,1.75,0,0
165,600,2010,72.0,3.25,3,0
166,600,2010,72.0,3.25,3,0
167,600,2010,72.0,3.5,3,0
168,531,2010,72.0,3.75,3,0
169,745,2011,72.0,2.75,3,0
170,729,2011,72.0,4.0,3,0
171,947,2012,72.0,3.75,3,0
172,1193,2013,72.0,3.25,3,2
173,1181,2013,72.0,2.75,4,2
174,2562,2021,72.0,3.25,4,1
175,2562,2021,72.0,3.25,4,1
176,2566,2021,72.0,3.5,4,1
177,141,2007,75.0,2.5,2,0
178,175,2007,70.0,3.0,2,0
179,331,2009,77.0,3.75,2,0
180,647,2011,72.0,3.75,2,0
181,661,2011,70.0,3.75,2,0
182,1780,2016,68.0,3.75,3,2
183,2434,2019,70.0,3.0,4,1
184,2056,2018,77.0,2.75,4,1
185,2056,2018,70.0,3.0,3,1
186,2056,2018,70.0,3.0,3,1
187,2056,2018,70.0,3.5,3,1
188,2672,2021,70.0,2.5,2,1
189,2672,2021,70.0,3.0,2,1
190,999,2012,70.0,2.5,2,2
191,999,2012,70.0,2.5,2,2
192,995,2012,70.0,3.0,2,2
193,1474,2015,80.0,3.25,2,2
194,1474,2015,70.0,3.5,2,2
195,2146,2018,70.0,3.0,2,1
196,1454,2015,70.0,2.75,3,2
197,1454,2015,70.0,3.5,3,2
198,2290,2019,72.0,2.5,3,1
199,2294,2019,82.0,2.75,3,1
200,2294,2019,72.0,3.25,3,1
201,983,2012,70.0,3.25,2,2
202,983,2012,70.0,3.5,2,2
203,983,2012,70.0,3.75,2,2
204,1295,2014,70.0,4.0,2,2
205,1554,2015,70.0,3.5,2,2
206,1980,2017,72.0,3.5,2,1
207,1980,2017,80.0,3.5,2,1
208,955,2012,80.0,2.75,4,0
209,1880,2016,65.0,3.25,3,1
210,1840,2016,65.0,3.5,3,2
211,1868,2016,70.0,3.75,3,1
212,2374,2019,70.0,2.25,4,1
213,1948,2017,73.0,3.0,3,1
214,1948,2017,72.0,3.25,3,1
215,1784,2016,80.0,2.75,3,2
216,1784,2016,70.0,2.75,3,2
217,1784,2016,70.0,2.75,3,2
218,1788,2016,90.0,2.75,3,2
219,586,2010,64.0,2.75,4,0
220,586,2010,64.0,2.75,4,0
221,586,2010,64.0,2.75,4,0
222,586,2010,71.0,3.5,4,0
223,1804,2016,70.0,3.25,3,2
224,1800,2016,70.0,3.5,3,2
225,1864,2016,70.0,3.5,2,1
226,2190,2018,75.0,3.25,3,1
227,2648,2021,70.0,3.75,3,1
228,1768,2016,83.0,2.75,3,2
229,1768,2016,78.0,3.0,3,2
230,1768,2016,83.0,3.5,3,2
231,2246,2018,72.0,3.0,4,1
232,2246,2018,72.0,3.0,4,1
233,2246,2018,72.0,3.0,4,1
234,773,2011,72.0,3.75,3,0
235,757,2011,72.0,4.0,3,0
236,1141,2013,74.0,3.5,3,2
237,1141,2013,74.0,3.5,3,2
238,1141,2013,74.0,3.5,3,2
239,1141,2013,73.0,4.0,3,2
240,797,2012,55.0,2.75,5,0
241,508,2010,70.0,3.25,3,0
242,508,2010,74.0,3.25,3,0
243,508,2010,64.0,3.5,3,0
244,508,2010,72.0,3.5,3,0
245,636,2011,64.0,3.0,3,0
246,636,2011,88.0,3.0,3,0
247,636,2011,72.0,3.5,3,0
248,636,2011,72.0,4.0,3,0
249,1482,2015,76.0,2.5,2,2
250,1486,2015,76.0,2.5,2,2
251,1486,2015,78.0,2.5,4,2
252,1486,2015,86.0,3.25,4,2
253,2088,2018,70.0,3.0,4,1
254,2088,2018,70.0,3.0,4,1
255,2084,2018,70.0,3.5,4,1
256,233,2008,71.0,3.0,2,0
257,256,2008,70.0,3.0,2,0
258,233,2008,75.0,3.5,2,0
259,233,2008,68.0,3.75,2,0
260,414,2009,75.0,3.0,2,0
261,423,2009,75.0,3.25,2,0
262,414,2009,65.0,3.5,2,0
263,431,2009,65.0,3.5,2,0
264,558,2010,65.0,2.75,2,0
265,565,2010,70.0,3.0,2,0
266,565,2010,78.0,3.0,2,0
267,478,2010,75.0,3.25,2,0
268,502,2010,70.0,3.75,2,0
269,963,2012,72.0,3.5,3,2
270,2108,2018,70.0,3.0,2,1
271,2114,2018,70.0,3.0,2,1
272,2114,2018,70.0,3.25,2,1
273,2422,2019,70.0,2.75,2,1
274,256,2008,70.0,2.75,3,0
275,256,2008,70.0,2.75,3,0
276,256,2008,70.0,3.0,3,0
277,2574,2021,70.0,3.75,4,1
278,1331,2014,70.0,2.75,4,2
279,2590,2021,72.0,3.25,3,1
280,2590,2021,72.0,3.25,3,1
281,322,2009,72.0,2.75,4,0
282,1046,2013,82.0,3.5,4,2
283,911,2012,70.0,3.5,3,0
284,911,2012,70.0,3.75,3,0
285,1752,2016,75.0,2.75,2,2
286,1756,2016,75.0,3.0,2,2
287,1740,2016,82.0,3.5,2,2
288,1752,2016,75.0,3.5,2,2
289,1996,2017,70.0,2.75,3,1
290,2290,2019,68.0,2.5,2,1
291,2290,2019,72.0,2.75,2,1
292,2290,2019,74.0,3.25,2,1
293,81,2006,100.0,1.5,0,0
294,81,2006,75.0,3.0,3,0
295,24,2006,75.0,3.75,3,0
296,32,2006,75.0,3.75,3,0
297,75,2006,75.0,3.75,3,0
298,48,2006,75.0,4.0,3,0
299,81,2006,75.0,4.0,3,0
300,123,2007,75.0,2.5,3,0
301,199,2008,75.0,4.0,3,0
302,336,2009,75.0,2.75,3,0
303,331,2009,75.0,3.0,3,0
304,336,2009,75.0,3.0,3,0
305,395,2009,75.0,3.0,3,0
306,761,2011,75.0,3.25,3,0
307,629,2011,75.0,3.5,3,0
308,629,2011,75.0,3.5,3,0
309,629,2011,75.0,3.5,3,0
310,672,2011,75.0,3.5,3,0
311,629,2011,75.0,3.75,3,0
312,629,2011,75.0,4.0,3,0
313,629,2011,75.0,4.0,3,0
314,1042,2013,75.0,3.25,3,2
315,1038,2013,75.0,3.5,3,2
316,1418,2014,75.0,3.25,3,2
317,1418,2014,65.0,3.75,3,2
318,1339,2014,75.0,4.0,3,2
319,1912,2016,75.0,3.5,3,1
320,2246,2018,75.0,4.0,3,1
321,2250,2018,75.0,4.0,3,1
322,2554,2021,75.0,3.75,3,1
323,341,2009,100.0,1.5,0,0
324,316,2009,77.0,3.25,2,0
325,1267,2014,70.0,2.75,0,2
326,1271,2014,70.0,2.75,0,2
327,2254,2018,75.0,3.5,3,1
328,2194,2018,70.0,3.75,3,1
329,2096,2018,70.0,4.0,3,1
330,2542,2021,62.0,3.0,3,1
331,1125,2013,72.0,3.0,5,2
332,1125,2013,70.0,3.25,5,2
333,1129,2013,75.0,3.5,5,2
334,1129,2013,85.0,3.5,5,2
335,1255,2014,70.0,3.75,3,2
336,1355,2014,70.0,4.0,3,2
337,1462,2015,68.0,3.75,3,2
338,1868,2016,70.0,3.5,3,1
339,1868,2016,70.0,3.75,3,1
340,1980,2017,70.0,3.25,3,1
341,1984,2017,75.0,3.75,3,1
342,1518,2015,80.0,2.75,3,2
343,1514,2015,60.0,3.0,3,2
344,1514,2015,80.0,3.25,3,2
345,1518,2015,80.0,3.25,3,2
346,1518,2015,60.0,3.25,3,2
347,1514,2015,70.0,3.5,2,2
348,1149,2013,70.0,3.0,4,2
349,1235,2014,68.0,2.75,3,2
350,1231,2014,72.0,3.0,3,2
351,1231,2014,70.0,3.5,3,2
352,1231,2014,72.0,3.5,3,2
353,1638,2015,70.0,3.25,2,2
354,1181,2013,68.0,2.75,3,2
355,2052,2018,70.0,2.5,3,1
356,2052,2018,70.0,3.0,3,1
357,1323,2014,60.0,2.5,3,2
358,1299,2014,72.0,3.25,3,2
359,1303,2014,72.0,3.25,3,2
360,1303,2014,72.0,3.25,3,2
361,1299,2014,72.0,3.5,3,2
362,2314,2019,70.0,3.0,2,1
363,2274,2019,70.0,3.25,2,1
364,2274,2019,70.0,3.5,2,1
365,2330,2019,70.0,3.0,4,1
366,2266,2019,70.0,3.5,4,1
367,2266,2019,70.0,3.75,4,1
368,1606,2015,70.0,2.5,2,2
369,600,2010,75.0,2.25,2,0
370,502,2010,75.0,2.5,2,0
371,502,2010,75.0,2.75,2,0
372,1215,2014,75.0,2.5,2,2
373,141,2007,72.0,2.0,5,0
374,147,2007,66.0,3.0,5,0
375,300,2008,75.0,2.0,5,0
376,586,2010,70.0,3.0,5,0
377,1716,2016,65.0,3.5,5,2
378,2226,2018,72.0,2.5,2,1
379,2230,2018,72.0,3.0,2,1
380,2226,2018,72.0,3.75,2,1
381,1391,2014,75.0,2.5,2,2
382,1391,2014,74.0,3.25,2,2
383,1391,2014,75.0,3.5,2,2
384,1395,2014,70.0,3.75,2,2
385,1668,2015,74.0,3.25,2,2
386,1692,2015,75.0,3.25,2,2
387,1688,2015,77.0,3.5,2,2
388,2238,2018,75.0,2.75,2,1
389,2278,2019,75.0,2.5,2,1
390,2278,2019,70.0,3.0,2,1
391,2076,2018,70.0,3.0,2,1
392,1434,2014,69.0,2.75,4,2
393,1434,2014,70.0,3.25,4,2
394,1430,2014,64.0,3.5,4,2
395,1430,2014,70.0,3.5,4,2
396,1662,2015,72.0,3.75,3,2
397,1816,2016,71.0,3.75,3,2
398,1816,2016,74.0,3.75,3,2
399,1860,2016,70.0,3.5,4,1
400,641,2011,72.0,3.0,2,0
401,647,2011,65.0,3.25,2,0
402,641,2011,66.0,3.75,2,0
403,991,2012,72.0,3.75,2,2
404,336,2009,70.0,4.0,4,0
405,346,2009,70.0,4.0,4,0
406,537,2010,71.0,3.25,4,0
407,508,2010,71.0,3.5,4,0
408,537,2010,71.0,3.5,4,0
409,537,2010,77.0,3.5,4,0
410,523,2010,71.0,3.75,4,0
411,523,2010,71.0,4.0,4,0
412,1908,2016,70.0,3.5,4,1
413,2510,2020,72.0,2.75,4,1
414,2510,2020,72.0,2.75,4,1
415,2510,2020,72.0,3.0,4,1
416,1684,2015,70.0,3.0,2,2
417,1684,2015,70.0,3.25,2,2
418,1684,2015,70.0,3.5,2,2
419,2084,2018,70.0,3.0,0,1
420,2084,2018,70.0,3.25,0,1
421,2084,2018,70.0,3.5,0,1
422,2610,2021,70.0,3.5,2,1
423,2614,2021,70.0,3.5,2,1
424,2614,2021,80.0,3.5,2,1
425,2610,2021,70.0,4.0,2,1
426,259,2008,91.0,1.5,4,0
427,245,2008,82.0,2.5,4,0
428,237,2008,63.0,3.5,4,0
429,237,2008,71.0,3.5,4,0
430,141,2007,70.0,1.0,0,0
431,296,2008,60.0,2.75,0,0
432,749,2011,78.0,2.25,2,0
433,765,2011,70.0,2.5,2,0
434,809,2012,80.0,3.0,2,0
435,1185,2013,100.0,3.5,1,2
436,1442,2014,75.0,2.5,2,2
437,1442,2014,72.0,3.0,2,2
438,1442,2014,70.0,3.5,2,2
439,1804,2016,75.0,2.5,3,2
440,1804,2016,73.0,2.75,3,2
441,1804,2016,70.0,3.0,3,2
442,1808,2016,75.0,3.0,3,2
443,1808,2016,70.0,3.25,3,2
444,2558,2021,70.0,3.25,4,1
445,2558,2021,70.0,3.25,4,1
446,2558,2021,70.0,3.5,4,1
447,2558,2021,70.0,3.75,4,1
448,237,2008,77.0,2.0,4,0
449,237,2008,77.0,2.5,4,0
450,245,2008,77.0,2.75,4,0
451,266,2008,55.0,3.0,4,0
452,269,2008,55.0,3.25,4,0
453,269,2008,55.0,3.5,4,0
454,1263,2014,70.0,3.5,3,2
455,1263,2014,70.0,3.75,3,2
456,2626,2021,70.0,3.0,3,1
457,2626,2021,70.0,3.25,3,1
458,2630,2021,70.0,3.25,3,1
459,2630,2021,70.0,3.25,3,1
460,845,2012,80.0,2.75,2,0
461,841,2012,72.0,3.0,2,0
462,1586,2015,72.0,3.25,2,2
463,1582,2015,72.0,3.5,3,2
464,1586,2015,72.0,3.5,2,2
465,1884,2016,65.0,3.0,3,1
466,1888,2016,65.0,3.25,3,1
467,1888,2016,65.0,3.25,3,1
468,1888,2016,65.0,3.5,3,1
469,1888,2016,65.0,3.5,3,1
470,2154,2018,75.0,2.0,2,1
471,2394,2019,71.0,3.0,2,1
472,2402,2019,65.0,3.25,2,1
473,1105,2013,70.0,2.5,3,2
474,1153,2013,70.0,2.75,3,2
475,1101,2013,70.0,3.0,3,2
476,1153,2013,72.0,3.0,3,2
477,1105,2013,70.0,3.25,3,2
478,1109,2013,72.0,3.25,3,2
479,1101,2013,73.0,3.5,2,2
480,1407,2014,70.0,2.75,3,2
481,1347,2014,72.0,3.5,3,2
482,1371,2014,76.0,3.5,3,2
483,1570,2015,72.0,3.5,3,2
484,1574,2015,72.0,3.5,3,2
485,1570,2015,70.0,3.75,3,2
486,1724,2016,72.0,4.0,3,2
487,1956,2017,70.0,3.25,2,1
488,2354,2019,70.0,3.5,3,1
489,2314,2019,70.0,3.75,3,1
490,2554,2021,70.0,4.0,3,1
491,2688,2021,72.0,4.0,3,1
492,1247,2014,70.0,2.5,3,2
493,1247,2014,70.0,2.75,3,2
494,1251,2014,70.0,2.75,3,2
495,1251,2014,70.0,3.0,3,2
496,404,2009,72.0,2.75,0,0
497,1426,2014,70.0,2.75,3,2
498,2672,2021,70.0,3.0,3,1
499,2676,2021,70.0,3.0,3,1
500,2676,2021,72.0,3.25,3,1
501,2028,2017,74.0,3.0,2,1
502,2238,2018,68.0,3.5,3,1
503,1900,2016,70.0,3.25,3,1
504,252,2008,75.0,3.0,3,0
505,486,2010,55.0,2.75,3,0
506,1235,2014,70.0,3.5,3,2
507,2202,2018,72.0,3.0,3,1
508,2422,2019,72.0,3.5,3,1
509,2668,2021,83.0,3.25,3,1
510,2668,2021,69.0,3.25,3,1
511,672,2011,70.0,3.5,0,0
512,1454,2015,70.0,3.25,3,2
513,1407,2014,75.0,3.0,2,2
514,1407,2014,82.0,3.25,2,2
515,1696,2015,70.0,2.75,2,2
516,1696,2015,70.0,3.5,2,2
517,2298,2019,72.0,2.5,3,1
518,2298,2019,71.0,3.25,3,1
519,1482,2015,65.0,2.5,2,2
520,1514,2015,80.0,2.5,2,2
521,1482,2015,65.0,2.75,2,2
522,2442,2019,74.0,3.0,2,1
523,647,2011,70.0,3.75,2,0
524,647,2011,68.0,3.75,2,0
525,1772,2016,90.0,2.5,2,2
526,1772,2016,80.0,2.5,2,2
527,1760,2016,70.0,2.5,2,2
528,1760,2016,70.0,2.75,2,2
529,1768,2016,80.0,2.75,2,2
530,1764,2016,60.0,3.0,2,2
531,1764,2016,75.0,3.0,2,2
532,1764,2016,80.0,3.0,2,2
533,1764,2016,70.0,3.25,2,2
534,1259,2014,74.0,2.75,3,2
535,1530,2015,75.0,3.25,3,2
536,1530,2015,68.0,3.5,3,2
537,1530,2015,80.0,3.75,3,2
538,919,2012,82.0,2.5,3,0
539,919,2012,68.0,2.75,3,0
540,919,2012,72.0,3.25,3,0
541,1121,2013,70.0,3.75,2,2
542,1582,2015,69.0,3.75,3,2
543,1582,2015,80.0,3.75,2,2
544,2700,2021,70.0,2.75,3,1
545,2134,2018,72.0,3.25,3,1
546,2294,2019,70.0,3.0,3,1
547,1219,2014,70.0,2.5,4,2
548,2080,2018,63.0,2.5,3,1
549,2080,2018,76.0,2.75,2,1
550,2080,2018,70.0,2.75,2,1
551,1454,2015,77.0,3.0,0,2
552,682,2011,65.0,3.25,0,0
553,1832,2016,75.0,3.25,3,2
554,2594,2021,70.0,3.25,2,1
555,2598,2021,73.0,3.25,2,1
556,2594,2021,70.0,3.5,2,1
557,117,2007,71.0,2.5,4,0
558,117,2007,71.0,2.5,4,0
559,117,2007,70.0,3.0,4,0
560,209,2008,71.0,3.5,4,0
561,439,2009,60.0,3.25,4,0
562,439,2009,75.0,3.25,4,0
563,478,2010,71.0,3.25,4,0
564,478,2010,71.0,3.5,4,0
565,1522,2015,65.0,2.5,2,2
566,1522,2015,75.0,2.5,2,2
567,377,2009,80.0,2.5,4,0
568,377,2009,70.0,2.75,4,0
569,377,2009,70.0,3.0,4,0
570,377,2009,80.0,3.0,4,0
571,377,2009,70.0,3.0,4,0
572,2534,2020,70.0,3.5,2,1
573,2514,2020,75.0,3.75,2,1
574,2534,2020,70.0,3.75,2,1
575,2514,2020,67.0,4.0,2,1
576,2638,2021,75.0,3.5,2,1
577,2638,2021,75.0,3.75,2,1
578,1149,2013,42.0,2.75,4,2
579,2250,2018,70.0,2.75,2,1
580,2226,2018,75.0,3.75,3,1
581,2314,2019,72.0,3.0,3,1
582,2310,2019,70.0,3.25,3,1
583,2310,2019,73.0,3.5,3,1
584,2310,2019,72.0,3.5,3,1
585,2306,2019,72.0,3.75,3,1
586,2310,2019,70.0,4.0,3,1
587,666,2011,68.0,3.75,0,0
588,445,2009,61.0,3.0,5,0
589,486,2010,77.0,2.75,3,0
590,252,2008,100.0,1.0,0,0
591,209,2008,80.0,3.0,3,0
592,227,2008,75.0,3.75,3,0
593,470,2010,73.5,3.75,2,0
594,2630,2021,70.0,3.5,3,1
595,2630,2021,79.0,3.5,3,1
596,1486,2015,73.0,3.5,2,2
597,2474,2020,70.0,3.5,3,1
598,2402,2019,70.0,2.25,4,1
599,2606,2021,68.0,3.0,3,1
600,2606,2021,77.0,3.25,2,1
601,2606,2021,70.0,3.25,3,1
602,292,2008,80.0,2.75,0,0
603,296,2008,88.0,2.75,0,0
604,292,2008,72.0,3.25,0,0
605,292,2008,70.0,3.75,0,0
606,579,2010,70.0,3.25,0,0
607,1630,2015,76.0,3.5,2,2
608,1916,2016,78.0,2.75,2,1
609,2688,2021,70.0,2.5,3,1
610,2688,2021,70.0,2.5,3,1
611,2684,2021,68.0,3.25,3,1
612,2688,2021,75.0,3.5,3,1
613,196,2007,72.0,3.0,3,0
614,220,2008,72.0,3.0,3,0
615,220,2008,72.0,3.0,3,0
616,341,2009,72.0,3.0,3,0
617,445,2009,62.0,3.25,3,0
618,451,2009,70.0,3.5,3,0
619,451,2009,70.0,3.75,3,0
620,558,2010,72.0,2.5,3,0
621,478,2010,70.0,3.0,3,0
622,558,2010,72.0,3.0,3,0
623,470,2010,72.0,3.25,3,0
624,558,2010,72.0,3.25,3,0
625,558,2010,72.0,3.25,3,0
626,817,2012,100.0,1.5,0,0
627,813,2012,85.0,3.5,3,0
628,959,2012,70.0,3.5,3,2
629,821,2012,72.0,3.75,3,0
630,1169,2013,65.0,3.25,4,2
631,1984,2017,75.0,3.75,3,1
632,48,2006,70.0,1.0,0,0
633,971,2012,75.0,3.25,3,2
634,975,2012,65.0,3.25,3,2
635,975,2012,67.0,3.25,3,2
636,975,2012,64.0,3.25,3,2
637,975,2012,75.0,3.5,3,2
638,1283,2014,70.0,2.5,3,2
639,1335,2014,83.0,2.75,3,2
640,1736,2016,85.0,3.25,3,2
641,1736,2016,73.0,3.75,3,2
642,2466,2020,70.0,3.25,2,1
643,2466,2020,70.0,3.25,2,1
644,2502,2020,70.0,3.25,2,1
645,2466,2020,70.0,3.5,2,1
646,2656,2021,70.0,3.75,2,1
647,2526,2020,70.0,3.25,3,1
648,2522,2020,70.0,3.5,3,1
649,2522,2020,75.0,3.5,3,1
650,2526,2020,70.0,3.5,3,1
651,2622,2021,73.0,3.75,2,1
652,785,2011,70.0,3.25,5,0
653,1654,2015,70.0,2.75,3,2
654,1928,2017,72.0,2.75,2,1
655,1666,2015,70.0,2.25,3,2
656,1666,2015,70.0,2.75,3,2
657,1610,2015,70.0,3.0,3,2
658,1610,2015,70.0,3.5,3,2
659,2064,2018,65.0,2.5,4,1
660,2574,2021,68.0,2.5,4,1
661,2574,2021,72.0,3.0,4,1
662,2574,2021,72.0,3.5,4,1
663,805,2012,70.0,3.0,2,0
664,805,2012,70.0,3.25,2,0
665,915,2012,70.0,3.75,2,0
666,1026,2013,70.0,2.75,2,2
667,1026,2013,70.0,3.25,2,2
668,1085,2013,70.0,3.5,2,2
669,1153,2013,70.0,3.5,2,2
670,1303,2014,70.0,2.75,2,2
671,1219,2014,70.0,3.5,2,2
672,1295,2014,70.0,3.5,2,2
673,1387,2014,70.0,3.75,2,2
674,1446,2015,70.0,3.0,2,2
675,1816,2016,70.0,3.75,2,2
676,2024,2017,70.0,3.0,2,1
677,2178,2018,70.0,3.0,2,1
678,2178,2018,70.0,3.25,2,1
679,2178,2018,70.0,3.5,2,1
680,2386,2019,70.0,3.5,2,1
681,2602,2021,70.0,2.75,2,1
682,2602,2021,70.0,2.75,2,1
683,2550,2021,70.0,3.25,2,1
684,2602,2021,70.0,3.25,2,1
685,2546,2021,70.0,3.5,2,1
686,2550,2021,70.0,3.5,2,1
687,2546,2021,70.0,4.0,2,1
688,654,2011,70.0,3.25,2,0
689,654,2011,70.0,3.25,2,0
690,654,2011,70.0,3.25,2,0
691,2550,2021,70.0,3.0,2,1
692,423,2009,75.0,3.0,4,0
693,423,2009,60.0,3.25,4,0
694,661,2011,60.0,3.5,4,0
695,987,2012,75.0,3.0,4,2
696,991,2012,70.0,3.25,2,2
697,987,2012,70.0,3.75,2,2
698,987,2012,70.0,3.75,2,2
699,987,2012,70.0,4.0,2,2
700,1223,2014,82.0,3.25,4,2
701,1920,2016,72.0,2.75,2,1
702,1920,2016,72.0,3.0,2,1
703,1920,2016,70.0,3.25,2,1
704,2342,2019,72.0,3.0,4,1
705,2342,2019,70.0,3.25,4,1
706,1550,2015,70.0,3.0,3,2
707,1554,2015,70.0,3.0,3,2
708,1550,2015,70.0,3.25,3,2
709,1554,2015,70.0,3.25,3,2
710,1708,2016,75.0,3.25,3,2
711,907,2012,58.0,3.25,4,0
712,1093,2013,70.0,2.5,4,2
713,1093,2013,70.0,2.75,4,2
714,1093,2013,70.0,2.75,4,2
715,1462,2015,72.0,3.5,3,2
716,1462,2015,65.0,3.5,3,2
717,1832,2016,70.0,2.5,3,2
718,1832,2016,70.0,3.0,3,2
719,170,2007,66.0,2.5,4,0
720,175,2007,64.0,3.0,4,0
721,175,2007,71.0,3.0,4,0
722,175,2007,60.0,3.0,4,0
723,180,2007,64.0,3.0,4,0
724,180,2007,64.0,3.0,4,0
725,263,2008,66.0,3.75,4,0
726,423,2009,64.0,3.0,4,0
727,2222,2018,70.0,2.5,2,1
728,2222,2018,70.0,2.5,2,1
729,2222,2018,80.0,3.0,2,1
730,1916,2016,72.0,2.5,2,1
731,2422,2019,72.0,3.0,2,1
732,166,2007,77.0,3.5,2,0
733,166,2007,77.0,3.5,2,0
734,241,2008,80.0,2.75,2,0
735,661,2011,80.0,2.75,2,0
736,682,2011,75.0,2.75,2,0
737,769,2011,74.0,3.0,2,0
738,769,2011,70.0,3.25,2,0
739,895,2012,75.0,2.75,2,0
740,1034,2013,70.0,3.25,2,2
741,1193,2013,76.0,3.5,2,2
742,1235,2014,74.0,3.5,2,2
743,1634,2015,70.0,3.75,2,2
744,1864,2016,78.0,3.5,2,1
745,1952,2017,70.0,3.75,2,1
746,1972,2017,75.0,3.75,2,1
747,2016,2017,72.0,4.0,2,1
748,2258,2018,80.0,3.75,2,1
749,2434,2019,72.0,3.75,2,1
750,2270,2019,72.0,4.0,2,1
751,2466,2020,73.0,3.5,2,1
752,2554,2021,75.0,3.75,2,1
753,2656,2021,72.0,4.0,2,1
754,2406,2019,75.0,2.5,4,1
755,2402,2019,70.0,2.75,4,1
756,2402,2019,65.0,3.0,4,1
757,2406,2019,75.0,3.0,4,1
758,1371,2014,72.0,3.25,3,2
759,1371,2014,72.0,3.25,3,2
760,1407,2014,72.0,3.5,3,2
761,1688,2015,85.0,3.0,3,2
762,311,2009,70.0,3.75,0,0
763,63,2006,70.0,1.5,3,0
764,304,2008,88.0,3.0,3,0
765,87,2006,70.0,3.0,2,0
766,87,2006,70.0,3.25,2,0
767,87,2006,70.0,3.5,2,0
768,129,2007,75.0,3.25,2,0
769,135,2007,60.0,3.25,2,0
770,135,2007,70.0,3.5,2,0
771,192,2007,70.0,3.5,2,0
772,192,2007,70.0,3.75,2,0
773,111,2007,70.0,4.0,2,0
774,192,2007,70.0,4.0,2,0
775,192,2007,70.0,4.0,2,0
776,227,2008,70.0,3.0,2,0
777,272,2008,70.0,3.0,2,0
778,272,2008,78.0,3.5,2,0
779,272,2008,70.0,3.75,2,0
780,470,2010,70.0,3.0,2,0
781,693,2011,70.0,3.5,2,0
782,863,2012,70.0,3.5,2,0
783,863,2012,70.0,3.75,2,0
784,1109,2013,100.0,3.0,0,2
785,1672,2015,70.0,3.75,2,2
786,1672,2015,70.0,3.75,2,2
787,2040,2018,70.0,4.0,2,1
788,1672,2015,70.0,2.5,3,2
789,1676,2015,80.0,2.75,3,2
790,1676,2015,77.0,2.75,3,2
791,1880,2016,75.0,2.75,3,1
792,2052,2018,71.5,2.75,3,1
793,2052,2018,72.0,3.5,3,1
794,2096,2018,80.0,3.5,2,1
795,2696,2021,78.0,3.25,3,1
796,2390,2019,75.0,2.5,2,1
797,2390,2019,70.0,2.75,2,1
798,2390,2019,75.0,3.0,2,1
799,523,2010,70.0,2.5,3,0
800,516,2010,70.0,3.5,3,0
801,516,2010,72.0,3.75,3,0
802,523,2010,70.0,3.75,3,0
803,697,2011,72.0,3.0,3,0
804,697,2011,71.0,3.25,3,0
805,661,2011,65.0,3.5,3,0
806,765,2011,71.0,3.5,3,0
807,623,2011,72.0,3.75,3,0
808,923,2012,72.0,3.75,3,0
809,1331,2014,70.0,3.5,4,2
810,1331,2014,76.0,3.75,4,2
811,1662,2015,70.0,4.0,4,2
812,1964,2017,70.0,2.75,4,1
813,2100,2018,80.0,3.25,4,1
814,2366,2019,70.0,3.5,4,1
815,2648,2021,70.0,3.5,4,1
816,1506,2015,70.0,3.25,2,2
817,841,2012,82.0,2.75,0,0
818,1630,2015,70.0,3.25,3,2
819,1630,2015,70.0,3.25,3,2
820,1626,2015,70.0,3.5,3,2
821,1626,2015,70.0,3.5,3,2
822,1630,2015,70.0,4.0,3,2
823,2040,2018,70.0,4.0,3,1
824,1343,2014,70.0,3.25,3,2
825,1343,2014,70.0,3.5,3,2
826,1343,2014,70.0,3.75,3,2
827,1812,2016,70.0,3.25,3,2
828,1812,2016,70.0,3.25,3,2
829,919,2012,72.0,2.75,3,0
830,2358,2019,80.0,3.5,2,1
831,1876,2016,68.0,3.0,2,1
832,2534,2020,70.0,3.0,2,1
833,2534,2020,70.0,3.0,2,1
834,252,2008,71.0,2.75,4,0
835,709,2011,75.0,3.75,4,0
836,32,2006,70.0,2.75,5,0
837,206,2008,74.0,2.5,5,0
838,206,2008,58.0,2.5,5,0
839,206,2008,61.0,3.0,5,0
840,439,2009,60.5,2.75,5,0
841,439,2009,70.0,3.0,5,0
842,1662,2015,70.0,3.75,5,2
843,2382,2019,70.0,3.5,3,1
844,1137,2013,60.0,2.75,2,2
845,1137,2013,70.0,3.25,2,2
846,1450,2015,79.0,3.0,3,2
847,1454,2015,78.0,3.5,3,2
848,2114,2018,70.0,3.25,2,1
849,2108,2018,70.0,3.5,2,1
850,2108,2018,70.0,3.5,2,1
851,2118,2018,70.0,3.5,2,1
852,1916,2016,75.0,3.25,2,1
853,2198,2018,72.0,3.0,2,1
854,2350,2019,70.0,2.5,3,1
855,2350,2019,80.0,3.0,3,1
856,2350,2019,72.0,3.5,3,1
857,565,2010,80.0,3.25,0,0
858,1209,2014,80.0,3.0,3,2
859,1205,2014,70.0,3.25,3,2
860,1209,2014,74.0,3.25,3,2
861,252,2008,72.0,3.0,4,0
862,414,2009,65.0,2.0,4,0
863,431,2009,74.0,2.75,4,0
864,423,2009,81.0,3.5,4,0
865,903,2012,70.0,2.75,4,0
866,2570,2021,65.0,3.0,3,1
867,2570,2021,70.0,3.5,2,1
868,666,2011,55.0,2.5,4,0
869,666,2011,55.0,2.5,4,0
870,666,2011,70.0,2.5,4,0
871,672,2011,62.0,2.5,4,0
872,666,2011,62.0,2.75,4,0
873,1275,2014,80.0,3.0,3,2
874,1275,2014,80.0,3.5,3,2
875,1275,2014,80.0,3.75,3,2
876,2142,2018,80.0,3.5,3,1
877,2664,2021,70.0,3.0,3,1
878,2450,2019,73.0,3.0,3,1
879,565,2010,75.0,2.75,2,0
880,1736,2016,76.0,2.5,2,2
881,1736,2016,76.0,2.75,2,2
882,1732,2016,76.0,3.0,2,2
883,105,2006,62.0,2.0,5,0
884,48,2006,64.0,3.0,5,0
885,48,2006,65.0,3.0,5,0
886,105,2006,74.0,3.0,5,0
887,48,2006,72.0,3.5,5,0
888,56,2006,68.0,4.0,5,0
889,494,2010,58.0,3.5,5,0
890,1283,2014,65.0,2.25,3,2
891,1287,2014,85.0,2.5,3,2
892,1283,2014,80.0,3.0,3,2
893,1283,2014,70.0,3.25,3,2
894,2474,2020,70.0,2.75,3,1
895,2482,2020,70.0,2.75,3,1
896,2478,2020,70.0,3.0,3,1
897,2486,2020,70.0,3.25,3,1
898,2398,2019,73.0,3.25,4,1
899,2394,2019,72.0,3.5,4,1
900,2398,2019,69.0,3.5,4,1
901,2398,2019,72.0,3.75,4,1
902,2154,2018,75.0,2.75,2,1
903,2154,2018,75.0,2.75,2,1
904,2154,2018,75.0,3.0,2,1
905,2150,2018,75.0,3.5,2,1
906,2202,2018,70.0,3.0,3,1
907,2206,2018,68.0,3.5,3,1
908,2206,2018,70.0,3.5,3,1
909,1267,2014,72.0,2.75,3,2
910,1776,2016,70.0,2.75,6,2
911,1776,2016,80.0,2.75,6,2
912,1772,2016,70.0,2.75,2,2
913,1776,2016,75.0,3.5,2,2
914,1776,2016,67.0,3.75,2,2
915,2076,2018,72.0,2.75,2,1
916,2072,2018,70.0,3.0,2,1
917,2072,2018,70.0,3.0,2,1
918,2072,2018,70.0,3.25,2,1
919,2072,2018,68.0,3.5,2,1
920,2430,2019,70.0,3.0,2,1
921,2430,2019,70.0,3.5,2,1
922,2712,2021,72.0,3.5,2,1
923,2712,2021,72.0,3.5,2,1
924,2318,2019,70.0,3.0,2,1
925,2322,2019,70.0,3.0,2,1
926,2322,2019,70.0,3.0,2,1
927,2322,2019,70.0,3.0,2,1
928,2318,2019,70.0,3.25,2,1
929,2322,2019,70.0,3.75,2,1
930,2326,2019,70.0,3.75,2,1
931,915,2012,60.0,3.5,3,0
932,911,2012,70.0,3.75,3,0
933,1355,2014,70.0,3.5,3,2
934,1355,2014,70.0,3.75,3,2
935,2044,2018,60.0,2.5,4,1
936,2100,2018,70.0,3.0,3,1
937,2122,2018,85.0,3.0,2,1
938,2100,2018,70.0,3.25,3,1
939,2118,2018,72.0,3.5,2,1
940,1351,2014,60.0,3.5,4,2
941,1351,2014,65.0,3.5,4,2
942,1542,2015,80.0,3.0,4,2
943,1538,2015,70.0,3.5,4,2
944,1538,2015,75.0,3.5,4,2
945,781,2011,70.0,3.5,2,0
946,785,2011,65.0,3.5,2,0
947,887,2012,81.0,2.0,2,0
948,883,2012,70.0,2.5,2,0
949,883,2012,66.0,3.5,2,0
950,1042,2013,66.0,3.5,2,2
951,1209,2014,80.0,3.0,2,2
952,1295,2014,68.0,3.25,2,2
953,1634,2015,73.0,3.5,2,2
954,1940,2017,70.0,3.5,2,1
955,2430,2019,71.0,3.25,3,1
956,370,2009,80.0,2.75,3,0
957,370,2009,70.0,3.0,3,0
958,370,2009,70.0,3.25,3,0
959,370,2009,65.0,3.5,3,0
960,636,2011,74.0,2.75,3,0
961,682,2011,74.0,2.75,3,0
962,688,2011,74.0,3.0,3,0
963,642,2011,70.0,3.25,3,0
964,682,2011,72.0,3.25,3,0
965,745,2011,76.0,3.25,3,0
966,642,2011,72.0,3.5,3,0
967,642,2011,70.0,3.5,3,0
968,745,2011,70.0,4.0,3,0
969,931,2012,69.0,3.0,2,0
970,899,2012,69.0,3.5,2,0
971,899,2012,69.0,3.5,2,0
972,915,2012,74.0,4.0,3,0
973,927,2012,69.0,4.0,2,0
974,1030,2013,72.0,3.25,3,2
975,1081,2013,72.0,3.75,3,2
976,1117,2013,70.0,3.75,3,2
977,1149,2013,70.0,4.0,3,2
978,1383,2014,70.0,3.0,3,2
979,1383,2014,70.0,3.5,3,2
980,1383,2014,70.0,3.5,3,2
981,1387,2014,70.0,3.5,3,2
982,2024,2017,70.0,3.5,3,1
983,2028,2017,70.0,3.5,3,1
984,2024,2017,70.0,3.75,3,1
985,2174,2018,72.0,3.25,3,1
986,2174,2018,72.0,3.5,3,1
987,2708,2021,74.0,3.0,3,1
988,2642,2021,68.0,3.25,3,1
989,2708,2021,74.0,3.25,3,1
990,2642,2021,68.0,3.5,3,1
991,2644,2021,70.0,3.5,3,1
992,2704,2021,70.0,3.5,3,1
993,2644,2021,70.0,3.75,3,1
994,2644,2021,68.0,4.0,3,1
995,2000,2017,70.0,3.5,2,1
996,2000,2017,70.0,3.75,2,1
997,1375,2014,70.0,3.5,2,2
998,1375,2014,70.0,3.5,2,2
999,1375,2014,70.0,4.0,2,2
1000,1912,2016,70.0,3.5,2,1
1001,1956,2017,70.0,3.75,3,1
1002,2126,2018,60.0,3.0,3,1
1003,2130,2018,70.0,3.0,3,1
1004,2126,2018,70.0,3.25,3,1
1005,2134,2018,70.0,3.25,3,1
1006,2122,2018,68.0,3.5,3,1
1007,2130,2018,70.0,3.5,3,1
1008,2122,2018,70.0,3.75,3,1
1009,2126,2018,70.0,3.75,3,1
1010,2130,2018,70.0,3.75,3,1
1011,2126,2018,70.0,4.0,3,1
1012,2130,2018,70.0,4.0,3,1
1013,623,2011,70.0,3.25,3,0
1014,623,2011,70.0,3.5,3,0
1015,623,2011,70.0,3.5,3,0
1016,895,2012,70.0,3.25,3,0
1017,899,2012,70.0,3.25,3,0
1018,899,2012,70.0,3.25,3,0
1019,923,2012,70.0,3.75,3,0
1020,1034,2013,70.0,3.25,3,2
1021,1034,2013,70.0,3.5,3,2
1022,1259,2014,70.0,3.5,3,2
1023,1680,2015,60.0,3.0,3,2
1024,1680,2015,85.0,3.25,3,2
1025,781,2011,70.0,3.0,3,0
1026,753,2011,66.0,3.25,3,0
1027,863,2012,70.0,2.5,3,0
1028,1185,2013,75.0,3.0,3,2
1029,1046,2013,70.0,3.75,3,2
1030,1359,2014,76.0,3.0,3,2
1031,1347,2014,70.0,3.75,3,2
1032,1780,2016,74.0,3.75,2,2
1033,1780,2016,74.0,4.0,2,2
1034,2366,2019,85.0,3.5,2,1
1035,2278,2019,74.0,3.75,2,1
1036,2550,2021,77.0,3.25,2,1
1037,2554,2021,68.0,3.75,4,1
1038,2664,2021,72.0,3.75,3,1
1039,2174,2018,70.0,2.5,3,1
1040,2190,2018,70.0,3.0,2,1
1041,2202,2018,70.0,3.0,2,1
1042,2202,2018,70.0,3.5,3,1
1043,1367,2014,85.0,2.5,3,2
1044,1642,2015,65.0,3.25,4,2
1045,1646,2015,70.0,3.5,4,2
1046,1646,2015,80.0,3.5,4,2
1047,1646,2015,75.0,3.5,4,2
1048,1642,2015,70.0,4.0,4,2
1049,2012,2017,77.0,3.5,3,1
1050,2012,2017,75.0,3.5,3,1
1051,2096,2018,72.0,2.75,3,1
1052,2282,2019,75.0,2.75,3,1
1053,1672,2015,66.0,3.0,2,2
1054,1848,2016,70.0,3.5,2,1
1055,1924,2016,77.0,2.75,3,1
1056,1924,2016,77.0,3.25,3,1
1057,1924,2016,77.0,3.25,3,1
1058,2032,2017,70.0,3.25,3,1
1059,2446,2019,73.0,2.5,3,1
1060,2446,2019,73.0,3.0,3,1
1061,2602,2021,70.0,3.75,3,1
1062,2194,2018,70.0,2.75,2,1
1063,2642,2021,70.0,3.0,2,1
1064,2642,2021,70.0,3.25,2,1
1065,2644,2021,70.0,3.25,2,1
1066,741,2011,72.0,3.0,5,0
1067,2692,2021,72.0,3.5,3,1
1068,2692,2021,70.0,3.5,3,1
1069,2692,2021,75.0,3.5,3,1
1070,2696,2021,73.0,3.5,3,1
1071,15,2006,70.0,2.5,5,0
1072,1896,2016,70.0,3.5,2,1
1073,2382,2019,73.0,2.5,2,1
1074,2696,2021,70.0,3.0,3,1
1075,241,2008,71.0,2.5,5,0
1076,363,2009,60.0,2.75,5,0
1077,494,2010,82.0,3.25,5,0
1078,355,2009,64.0,3.0,4,0
1079,355,2009,64.0,3.0,4,0
1080,355,2009,64.0,3.0,4,0
1081,355,2009,76.0,3.0,4,0
1082,355,2009,64.0,3.25,4,0
1083,2060,2018,70.0,2.75,4,1
1084,87,2006,65.0,2.5,5,0
1085,15,2006,65.0,3.0,5,0
1086,99,2006,61.0,3.0,5,0
1087,87,2006,65.0,3.5,5,0
1088,93,2006,65.0,3.5,5,0
1089,93,2006,61.0,3.5,5,0
1090,147,2007,72.0,3.5,5,0
1091,259,2008,65.0,3.0,5,0
1092,276,2008,64.0,3.0,5,0
1093,276,2008,65.0,3.5,5,0
1094,316,2009,55.0,3.0,5,0
1095,387,2009,91.0,3.0,5,0
1096,387,2009,70.0,3.5,5,0
1097,552,2010,65.0,3.0,5,0
1098,654,2011,72.0,2.75,5,0
1099,654,2011,61.0,3.25,5,0
1100,654,2011,72.0,3.25,5,0
1101,1053,2013,65.0,2.75,5,2
1102,1053,2013,65.0,2.75,5,2
1103,1053,2013,65.0,3.25,5,2
1104,1053,2013,65.0,3.5,5,2
1105,1602,2015,70.0,3.75,5,2
1106,1205,2014,100.0,2.0,0,2
1107,1197,2014,80.0,2.75,3,2
1108,1197,2014,74.0,2.75,3,2
1109,1201,2014,65.0,2.75,3,2
1110,1201,2014,70.0,3.0,3,2
1111,1201,2014,80.0,3.0,3,2
1112,1197,2014,75.0,3.25,3,2
1113,1201,2014,66.0,3.25,3,2
1114,1197,2014,70.0,3.5,3,2
1115,166,2007,77.0,2.5,4,0
1116,1327,2014,55.0,2.75,4,2
1117,1327,2014,70.0,3.0,4,2
1118,701,2011,70.0,3.0,0,0
1119,1696,2015,67.0,3.0,3,2
1120,1700,2015,77.0,3.5,3,2
1121,1700,2015,74.0,3.5,3,2
1122,1808,2016,85.0,3.25,3,2
1123,2040,2018,75.0,3.0,3,1
1124,2330,2019,70.0,3.0,3,1
1125,2270,2019,70.0,3.25,3,1
1126,2382,2019,65.0,2.75,3,1
1127,2378,2019,72.0,3.25,3,1
1128,2378,2019,70.0,3.5,3,1
1129,2606,2021,70.0,3.5,2,1
1130,1876,2016,64.0,2.75,3,1
1131,2302,2019,71.0,2.5,4,1
1132,2306,2019,71.0,2.5,4,1
1133,2302,2019,71.0,3.0,4,1
1134,1748,2016,70.0,3.25,3,2
1135,1748,2016,74.0,3.5,3,2
1136,1243,2014,67.0,3.0,3,2
1137,1239,2014,67.0,3.5,3,2
1138,1243,2014,67.0,3.75,3,2
1139,1243,2014,67.0,3.75,3,2
1140,1744,2016,72.0,3.5,3,2
1141,1744,2016,70.0,3.5,3,2
1142,1748,2016,77.0,3.5,3,2
1143,1744,2016,68.0,3.75,3,2
1144,1744,2016,72.0,4.0,3,2
1145,1458,2015,57.0,2.75,3,2
1146,1462,2015,74.0,3.5,3,2
1147,2614,2021,70.0,2.75,2,1
1148,2614,2021,70.0,3.25,2,1
1149,1546,2015,70.0,2.75,2,2
1150,1546,2015,74.0,3.0,2,2
1151,1546,2015,70.0,3.0,2,2
1152,1550,2015,73.0,3.25,2,2
1153,1550,2015,70.0,3.25,2,2
1154,2150,2018,70.0,2.25,2,1
1155,2146,2018,73.0,2.5,2,1
1156,2150,2018,74.0,2.75,2,1
1157,2150,2018,70.0,3.0,2,1
1158,2146,2018,71.0,3.5,2,1
1159,1712,2016,70.0,2.75,3,2
1160,1712,2016,72.0,2.75,3,2
1161,1712,2016,75.0,3.25,3,2
1162,1712,2016,66.0,3.5,3,2
1163,2426,2019,68.0,3.25,3,1
1164,2450,2019,85.0,3.5,3,1
1165,414,2009,80.0,2.0,4,0
1166,414,2009,80.0,2.5,2,0
1167,414,2009,72.0,3.0,2,0
1168,414,2009,58.0,3.25,4,0
1169,414,2009,58.0,3.5,4,0
1170,431,2009,70.0,2.5,2,0
1171,431,2009,70.0,2.75,2,0
1172,431,2009,70.0,3.5,2,0
1173,431,2009,75.0,3.75,2,0
1174,1466,2015,70.0,3.5,4,2
1175,1466,2015,70.0,3.5,4,2
1176,1466,2015,70.0,3.5,4,2
1177,1466,2015,70.0,3.5,4,2
1178,1872,2016,70.0,2.75,4,1
1179,1327,2014,72.0,2.5,2,2
1180,1113,2013,100.0,1.75,0,2
1181,1030,2013,70.0,4.0,2,2
1182,1654,2015,70.0,2.75,2,2
1183,2134,2018,75.0,2.75,4,1
1184,2386,2019,72.0,3.0,4,1
1185,2386,2019,80.0,3.0,4,1
1186,296,2008,80.0,2.5,0,0
1187,296,2008,75.0,2.75,4,0
1188,245,2008,72.0,3.0,3,0
1189,300,2008,72.0,3.0,4,0
1190,552,2010,70.0,2.75,0,0
1191,600,2010,70.0,2.75,4,0
1192,552,2010,70.0,3.0,0,0
1193,623,2011,80.0,3.0,4,0
1194,623,2011,65.0,3.0,4,0
1195,623,2011,65.0,3.25,4,0
1196,809,2012,66.0,3.5,4,0
1197,1113,2013,100.0,2.5,1,2
1198,1109,2013,100.0,2.75,0,2
1199,1113,2013,100.0,2.75,0,2
1200,1038,2013,75.0,3.0,4,2
1201,1065,2013,90.0,3.0,2,2
1202,1065,2013,72.0,3.0,4,2
1203,1038,2013,80.0,3.5,4,2
1204,1065,2013,82.0,3.5,2,2
1205,1097,2013,70.0,3.25,3,2
1206,1097,2013,70.0,3.75,3,2
1207,1307,2014,70.0,3.0,3,2
1208,1311,2014,70.0,3.0,3,2
1209,1311,2014,70.0,3.0,3,2
1210,1387,2014,70.0,3.5,3,2
1211,1311,2014,70.0,3.75,3,2
1212,1542,2015,70.0,3.5,3,2
1213,729,2011,72.0,3.25,3,0
1214,737,2011,72.0,3.5,3,0
1215,725,2011,72.0,3.75,3,0
1216,725,2011,72.0,3.75,3,0
1217,733,2011,72.0,3.75,3,0
1218,733,2011,74.0,4.0,3,0
1219,737,2011,70.0,4.0,3,0
1220,737,2011,72.0,4.0,3,0
1221,737,2011,72.0,4.0,3,0
1222,1085,2013,72.0,3.75,3,2
1223,1788,2016,61.0,2.5,4,2
1224,1255,2014,77.0,3.0,3,2
1225,2008,2017,72.0,3.25,3,1
1226,943,2012,72.0,2.75,4,0
1227,943,2012,72.0,3.0,4,0
1228,1279,2014,72.0,2.25,2,2
1229,1279,2014,72.0,3.25,2,2
1230,1279,2014,72.0,3.25,2,2
1231,1275,2014,72.0,3.5,2,2
1232,2250,2018,72.0,2.75,4,1
1233,1546,2015,70.0,2.75,2,2
1234,1542,2015,70.0,3.5,2,2
1235,5,2006,71.0,2.0,5,0
1236,2146,2018,72.0,3.25,3,1
1237,1976,2017,67.0,3.0,4,1
1238,1976,2017,75.0,3.0,4,1
1239,1972,2017,72.0,3.5,3,1
1240,1976,2017,65.0,3.5,4,1
1241,1980,2017,70.0,3.5,4,1
1242,2008,2017,68.0,3.5,5,1
1243,2008,2017,78.0,3.75,4,1
1244,2100,2018,66.0,3.0,4,1
1245,2104,2018,73.0,3.25,4,1
1246,2104,2018,80.0,3.25,4,1
1247,1534,2015,63.0,2.75,2,2
1248,2458,2020,75.0,2.75,3,1
1249,2218,2018,70.0,3.0,3,1
1250,2214,2018,70.0,3.5,3,1
1251,2218,2018,70.0,3.5,3,1
1252,2218,2018,70.0,3.75,3,1
1253,1069,2013,82.0,3.0,5,2
1254,1069,2013,55.0,3.25,5,2
1255,1073,2013,62.0,3.25,5,2
1256,1061,2013,70.0,3.5,5,2
1257,2498,2020,68.0,3.75,4,1
1258,2498,2020,70.0,3.75,3,1
1259,2502,2020,67.0,3.75,4,1
1260,2394,2019,70.0,3.0,3,1
1261,2454,2019,72.0,3.0,4,1
1262,2390,2019,71.5,3.5,3,1
1263,2422,2019,68.0,3.75,4,1
1264,2454,2019,65.0,3.75,4,1
1265,2338,2019,75.0,3.0,3,1
1266,2338,2019,75.0,3.0,3,1
1267,2334,2019,75.0,3.25,3,1
1268,387,2009,65.0,3.75,0,0
1269,837,2012,64.0,2.5,0,0
1270,248,2008,85.0,2.5,4,0
1271,263,2008,75.0,2.5,4,0
1272,245,2008,75.0,2.75,4,0
1273,248,2008,85.0,2.75,4,0
1274,241,2008,70.0,3.0,4,0
1275,248,2008,85.0,3.0,4,0
1276,269,2008,85.0,3.0,4,0
1277,241,2008,70.0,3.5,4,0
1278,404,2009,70.0,2.75,0,0
1279,423,2009,80.0,2.75,0,0
1280,2708,2021,70.0,3.25,3,1
1281,2708,2021,70.0,3.5,3,1
1282,1133,2013,70.0,3.75,3,2
1283,431,2009,72.0,2.0,5,0
1284,2478,2020,70.0,3.25,3,1
1285,1251,2014,60.0,3.0,2,2
1286,1968,2017,70.0,3.0,2,1
1287,1968,2017,70.0,3.0,2,1
1288,2016,2017,70.0,3.25,2,1
1289,2064,2018,70.0,3.0,2,1
1290,2068,2018,70.0,3.25,2,1
1291,2044,2018,70.0,3.75,2,1
1292,2286,2019,70.0,3.0,2,1
1293,2282,2019,70.0,3.25,2,1
1294,1422,2014,72.0,2.5,2,2
1295,1422,2014,72.0,2.75,3,2
1296,1422,2014,72.0,3.0,3,2
1297,1422,2014,72.0,3.25,3,2
1298,1426,2014,90.0,3.25,2,2
1299,1426,2014,72.0,3.25,3,2
1300,1426,2014,72.0,3.25,3,2
1301,1852,2016,70.0,2.75,4,1
1302,1840,2016,70.0,3.25,4,2
1303,1852,2016,70.0,3.75,4,1
1304,1852,2016,70.0,3.75,4,1
1305,1359,2014,72.5,2.5,5,2
1306,1363,2014,72.5,2.5,5,2
1307,1359,2014,72.5,3.0,5,2
1308,1363,2014,72.5,3.0,5,2
1309,451,2009,68.0,3.0,5,0
1310,431,2009,64.0,3.5,5,0
1311,597,2010,71.0,3.0,5,0
1312,576,2010,75.0,3.25,5,0
1313,576,2010,74.0,3.75,5,0
1314,682,2011,74.0,3.75,5,0
1315,891,2012,74.0,3.25,5,0
1316,927,2012,68.0,3.75,5,0
1317,891,2012,70.0,4.0,5,0
1318,2426,2019,68.0,3.0,3,1
1319,1892,2016,70.0,2.25,0,1
1320,1892,2016,70.0,2.5,0,1
1321,1892,2016,70.0,3.0,0,1
1322,1892,2016,70.0,3.0,0,1
1323,2138,2018,70.0,3.0,2,1
1324,2138,2018,75.0,3.0,2,1
1325,2138,2018,70.0,3.25,4,1
1326,2138,2018,70.0,3.25,2,1
1327,2254,2018,70.0,3.5,2,1
1328,2254,2018,70.0,3.5,2,1
1329,2358,2019,72.0,3.5,2,1
1330,230,2008,74.0,3.5,4,0
1331,439,2009,60.0,3.0,4,0
1332,346,2009,68.0,3.25,4,0
1333,346,2009,69.0,3.5,4,0
1334,445,2009,60.0,3.75,4,0
1335,741,2011,68.0,3.5,4,0
1336,891,2012,66.0,3.5,4,0
1337,1121,2013,74.0,2.75,4,2
1338,1145,2013,60.0,3.25,4,2
1339,1189,2013,56.0,3.25,4,2
1340,721,2011,72.0,2.5,0,0
1341,713,2011,60.0,3.25,0,0
1342,2186,2018,70.0,3.0,2,1
1343,2182,2018,70.0,3.5,2,1
1344,2186,2018,70.0,3.5,2,1
1345,1434,2014,70.0,2.75,4,2
1346,1438,2014,68.0,2.75,4,2
1347,1590,2015,75.0,2.75,4,2
1348,1590,2015,75.0,2.75,4,2
1349,1590,2015,75.0,3.0,4,2
1350,1594,2015,75.0,3.0,4,2
1351,1590,2015,75.0,3.25,4,2
1352,1642,2015,75.0,3.25,4,2
1353,1638,2015,75.0,3.5,4,2
1354,1642,2015,75.0,3.75,4,2
1355,927,2012,70.0,3.5,0,0
1356,327,2009,75.0,2.5,0,0
1357,833,2012,75.0,3.0,5,0
1358,833,2012,75.0,3.0,5,0
1359,853,2012,72.0,3.0,5,0
1360,1784,2016,80.0,3.5,2,2
1361,2048,2018,71.0,3.0,3,1
1362,2048,2018,70.0,3.25,3,1
1363,2048,2018,73.0,3.5,3,1
1364,1972,2017,74.0,3.75,3,1
1365,2266,2019,70.0,2.75,3,1
1366,2262,2019,70.0,3.25,3,1
1367,2266,2019,70.0,3.5,3,1
1368,1371,2014,70.0,3.5,2,2
1369,1566,2015,70.0,3.0,2,2
1370,1562,2015,70.0,3.25,2,2
1371,1566,2015,70.0,3.25,2,2
1372,1562,2015,70.0,3.5,2,2
1373,1566,2015,70.0,3.5,2,2
1374,1728,2016,70.0,3.25,2,2
1375,1952,2017,70.0,3.25,2,1
1376,1952,2017,70.0,3.5,2,1
1377,1984,2017,70.0,4.0,3,1
1378,2122,2018,70.0,3.75,3,1
1379,2338,2019,70.0,3.25,3,1
1380,2442,2019,70.0,3.25,3,1
1381,2562,2021,70.0,3.5,3,1
1382,2562,2021,70.0,3.75,3,1
1383,1231,2014,71.0,3.5,3,2
1384,1856,2016,70.0,3.0,2,1
1385,947,2012,75.0,2.75,2,0
1386,947,2012,74.0,3.0,2,0
1387,855,2012,65.0,3.5,2,0
1388,903,2012,68.0,3.5,2,0
1389,947,2012,68.0,3.5,2,0
1390,903,2012,68.0,3.75,2,0
1391,157,2007,85.0,3.0,4,0
1392,2538,2020,72.0,2.5,2,1
1393,2538,2020,72.0,3.0,2,1
1394,2538,2020,72.0,3.0,2,1
1395,1049,2013,65.0,2.5,5,2
1396,1093,2013,71.0,3.0,4,2
1397,1097,2013,72.0,3.0,4,2
1398,1097,2013,70.0,3.5,4,2
1399,1395,2014,65.0,3.25,4,2
1400,1383,2014,70.0,3.75,2,2
1401,1395,2014,75.0,3.75,4,2
1402,2590,2021,70.0,2.75,3,1
1403,2586,2021,75.0,3.0,3,1
1404,1502,2015,75.0,2.0,2,2
1405,2194,2018,75.0,2.5,2,1
1406,2194,2018,70.0,3.0,2,1
1407,2198,2018,80.0,3.25,2,1
1408,2198,2018,78.0,3.5,2,1
1409,1976,2017,81.0,3.25,2,1
1410,2238,2018,70.0,3.0,2,1
1411,2692,2021,70.0,3.25,3,1
1412,2518,2020,72.0,3.25,3,1
1413,552,2010,46.0,2.75,5,0
1414,552,2010,60.0,3.0,5,0
1415,552,2010,58.0,3.0,5,0
1416,552,2010,65.0,3.5,5,0
1417,2506,2020,72.0,3.0,3,1
1418,2502,2020,73.0,3.25,3,1
1419,2502,2020,75.0,3.25,3,1
1420,2506,2020,68.0,3.25,3,1
1421,2506,2020,67.0,3.5,3,1
1422,552,2010,55.0,2.25,0,0
1423,721,2011,70.0,1.5,0,0
1424,2426,2019,75.0,2.5,3,1
1425,2430,2019,75.0,2.75,3,1
1426,284,2008,67.0,3.5,5,0
1427,288,2008,75.0,3.5,5,0
1428,284,2008,70.0,3.75,5,0
1429,284,2008,63.0,4.0,5,0
1430,2664,2021,70.0,2.5,2,1
1431,607,2010,72.0,2.75,4,0
1432,672,2011,70.0,2.5,4,0
1433,693,2011,70.0,2.75,4,0
1434,991,2012,70.0,3.25,4,2
1435,995,2012,70.0,3.25,4,2
1436,995,2012,70.0,3.5,4,2
1437,1085,2013,70.0,2.75,4,2
1438,1089,2013,70.0,2.75,4,2
1439,1089,2013,70.0,2.75,4,2
1440,1085,2013,70.0,3.5,4,2
1441,1940,2017,73.0,3.5,2,1
1442,300,2008,75.0,2.0,4,0
1443,308,2008,70.0,3.0,4,0
1444,308,2008,70.0,3.25,5,0
1445,308,2008,70.0,3.75,5,0
1446,531,2010,70.0,2.0,4,0
1447,184,2007,75.0,2.75,4,0
1448,184,2007,73.0,3.5,4,0
1449,1121,2013,65.0,3.5,5,2
1450,2226,2018,70.0,2.75,3,1
1451,311,2009,55.0,2.75,5,0
1452,502,2010,55.0,3.5,5,0
1453,1856,2016,70.0,3.0,3,1
1454,821,2012,74.0,3.75,3,0
1455,1219,2014,74.0,2.5,3,2
1456,1219,2014,74.0,2.75,3,2
1457,1446,2015,74.0,2.5,2,2
1458,1331,2014,70.0,2.75,4,2
1459,1007,2012,72.0,2.75,3,2
1460,1007,2012,72.0,3.0,3,2
1461,1003,2012,72.0,3.25,3,2
1462,1007,2012,72.0,3.25,3,2
1463,1089,2013,72.0,3.75,3,2
1464,1522,2015,72.0,3.5,3,2
1465,1522,2015,72.0,3.75,3,2
1466,2032,2017,70.0,3.25,3,1
1467,2442,2019,70.0,3.5,3,1
1468,871,2012,70.0,3.25,2,0
1469,875,2012,70.0,3.25,2,0
1470,871,2012,70.0,3.5,2,0
1471,1279,2014,85.0,3.5,2,2
1472,1255,2014,70.0,3.75,2,2
1473,1848,2016,70.0,3.5,3,1
1474,1844,2016,70.0,3.75,3,1
1475,1606,2015,70.0,2.75,3,2
1476,1610,2015,75.0,2.75,3,2
1477,1610,2015,72.0,3.0,3,2
1478,1474,2015,70.0,3.5,3,2
1479,1474,2015,62.0,3.5,3,2
1480,1478,2015,70.0,3.5,3,2
1481,1606,2015,70.0,3.5,3,2
1482,1606,2015,68.0,3.5,3,2
1483,1634,2015,78.0,3.5,3,2
1484,1896,2016,75.0,3.25,3,1
1485,1956,2017,73.0,3.0,2,1
1486,2262,2018,72.0,3.0,3,1
1487,2262,2018,72.0,3.25,3,1
1488,2040,2018,72.0,3.5,3,1
1489,1884,2016,70.0,2.75,3,1
1490,2610,2021,80.0,3.25,3,1
1491,2610,2021,70.0,3.5,3,1
1492,2598,2021,72.0,2.75,3,1
1493,2598,2021,72.0,2.75,3,1
1494,2598,2021,72.0,3.25,3,1
1495,1808,2016,75.0,3.25,2,2
1496,2158,2018,75.0,2.75,2,1
1497,895,2012,80.0,3.0,3,0
1498,845,2012,76.0,3.5,3,0
1499,845,2012,72.0,3.5,3,0
1500,845,2012,70.0,3.5,3,0
1501,849,2012,78.0,3.5,3,0
1502,955,2012,74.0,3.5,3,0
1503,1149,2013,75.0,3.5,3,2
1504,1650,2015,85.0,3.25,2,2
1505,1650,2015,68.0,3.5,2,2
1506,1650,2015,70.0,3.75,2,2
1507,2258,2018,75.0,3.5,3,1
1508,537,2010,65.0,3.0,0,0
1509,544,2010,65.0,3.0,0,0
1510,544,2010,65.0,3.25,0,0
1511,544,2010,65.0,3.5,0,0
1512,1189,2013,74.0,2.25,4,2
1513,1189,2013,89.0,2.5,4,2
1514,1836,2016,76.0,2.75,3,2
1515,1836,2016,82.0,3.0,3,2
1516,1836,2016,74.0,3.25,3,2
1517,572,2010,81.0,2.75,2,0
1518,572,2010,75.0,3.0,2,0
1519,572,2010,70.0,3.25,2,0
1520,713,2011,81.0,2.75,2,0
1521,777,2011,71.0,2.75,2,0
1522,701,2011,76.0,3.0,2,0
1523,709,2011,70.0,3.0,2,0
1524,777,2011,75.0,3.0,2,0
1525,777,2011,73.0,3.25,2,0
1526,672,2011,72.0,3.5,2,0
1527,773,2011,70.0,3.5,2,0
1528,777,2011,74.0,3.75,2,0
1529,999,2012,72.0,2.5,2,2
1530,999,2012,73.0,2.75,2,2
1531,959,2012,73.0,3.5,2,2
1532,1359,2014,75.0,3.75,2,2
1533,1450,2015,76.0,3.0,2,2
1534,1450,2015,74.0,3.25,2,2
1535,1177,2013,72.0,3.5,3,2
1536,1181,2013,70.0,3.75,3,2
1537,1177,2013,68.0,4.0,3,2
1538,1177,2013,74.0,4.0,3,2
1539,2704,2021,70.0,3.5,3,1
1540,1367,2014,70.0,3.25,2,2
1541,1367,2014,70.0,3.25,2,2
1542,1430,2014,82.0,3.25,2,2
1543,1430,2014,63.0,3.5,3,2
1544,2482,2020,70.0,3.0,3,1
1545,2486,2020,75.0,3.0,3,1
1546,2482,2020,65.0,3.25,3,1
1547,1728,2016,72.0,3.0,2,2
1548,2474,2020,70.0,2.5,3,1
1549,2478,2020,70.0,3.25,3,1
1550,1287,2014,70.0,2.5,2,2
1551,1287,2014,70.0,2.75,2,2
1552,1287,2014,70.0,3.0,2,2
1553,1291,2014,70.0,3.0,2,2
1554,1291,2014,70.0,3.5,2,2
1555,2362,2019,85.0,2.5,2,1
1556,2362,2019,70.0,2.75,2,1
1557,2362,2019,70.0,3.25,2,1
1558,2362,2019,70.0,3.25,2,1
1559,837,2012,80.0,2.5,4,0
1560,841,2012,72.0,2.5,4,0
1561,1347,2014,80.0,3.25,3,2
1562,1351,2014,70.0,3.25,3,2
1563,1347,2014,70.0,3.5,3,2
1564,1351,2014,80.0,3.5,3,2
1565,1494,2015,80.0,2.75,3,2
1566,1494,2015,70.0,3.0,3,2
1567,2250,2018,75.0,2.5,3,1
1568,1267,2014,70.0,3.0,3,2
1569,1267,2014,72.0,3.5,3,2
1570,2166,2018,72.0,3.25,3,1
1571,2170,2018,67.0,3.75,3,1
1572,1688,2015,70.0,3.5,3,2
1573,2210,2018,70.0,3.5,3,1
1574,24,2006,60.0,2.0,4,0
1575,24,2006,85.0,2.0,4,0
1576,81,2006,99.0,2.0,4,0
1577,24,2006,70.0,3.0,4,0
1578,24,2006,67.0,3.75,4,0
1579,24,2006,65.0,3.75,4,0
1580,24,2006,64.0,3.75,4,0
1581,117,2007,66.0,3.5,4,0
1582,135,2007,67.0,3.5,4,0
1583,963,2012,66.0,3.75,4,2
1584,2020,2017,69.0,3.25,4,1
1585,2270,2019,70.0,3.0,4,1
1586,2438,2019,70.0,3.5,4,1
1587,887,2012,65.0,1.5,4,0
1588,887,2012,75.0,2.0,4,0
1589,887,2012,70.0,2.5,4,0
1590,1117,2013,75.0,2.5,3,2
1591,1117,2013,80.0,3.25,4,2
1592,1538,2015,75.0,3.25,3,2
1593,1490,2015,80.0,3.5,3,2
1594,1490,2015,70.0,3.5,3,2
1595,1538,2015,70.0,3.5,3,2
1596,1490,2015,75.0,3.75,3,2
1597,1490,2015,75.0,3.75,3,2
1598,2112,2018,70.0,3.0,3,1
1599,2112,2018,70.0,3.25,3,1
1600,2114,2018,70.0,3.25,3,1
1601,2112,2018,70.0,3.5,3,1
1602,825,2012,70.0,3.5,4,0
1603,1073,2013,70.0,2.5,4,2
1604,2346,2019,70.0,3.0,3,1
1605,2346,2019,74.0,3.0,3,1
1606,2346,2019,76.0,3.0,3,1
1607,2566,2021,75.0,2.75,3,1
1608,2570,2021,74.0,3.0,3,1
1609,2570,2021,90.0,3.0,3,1
1610,2214,2018,70.0,3.0,2,1
1611,2214,2018,70.0,3.25,2,1
1612,2210,2018,70.0,3.5,2,1
1613,2214,2018,70.0,3.75,2,1
1614,607,2010,77.0,2.75,3,0
1615,2382,2019,67.0,2.75,3,1
1616,1920,2016,70.0,3.5,2,1
1617,1960,2017,72.0,3.0,2,1
1618,1960,2017,72.0,3.25,2,1
1619,1960,2017,65.0,3.5,3,1
1620,1960,2017,65.0,3.5,2,1
1621,2370,2019,72.0,3.75,3,1
1622,2458,2020,70.0,3.5,3,1
1623,1626,2015,70.0,3.5,2,2
1624,1880,2016,75.0,3.75,2,1
1625,2354,2019,70.0,3.0,3,1
1626,955,2012,65.0,2.5,0,0
1627,607,2010,67.0,2.75,3,0
1628,1030,2013,72.0,3.0,3,2
1629,1026,2013,73.0,3.25,3,2
1630,2198,2018,72.0,2.5,3,1
1631,2170,2018,68.0,3.0,2,1
1632,2350,2019,72.0,3.0,3,1
1633,2338,2019,70.0,3.5,2,1
1634,2450,2019,72.0,3.75,2,1
1635,2648,2021,70.0,2.75,3,1
1636,2652,2021,70.0,3.25,3,1
1637,1618,2015,70.0,2.75,2,2
1638,1614,2015,70.0,3.0,2,2
1639,1618,2015,70.0,3.25,2,2
1640,661,2011,70.0,2.75,2,0
1641,661,2011,70.0,2.75,2,0
1642,2142,2018,70.0,3.25,3,1
1643,1812,2016,72.0,3.5,2,2
1644,2680,2021,76.0,3.5,3,1
1645,1391,2014,70.0,3.25,0,2
1646,2222,2018,70.0,3.25,3,1
1647,2656,2021,72.0,3.5,3,1
1648,2542,2021,75.0,3.75,2,1
1649,1654,2015,70.0,3.25,0,2
1650,1654,2015,63.0,3.5,0,2
1651,1658,2015,85.0,3.5,0,2
1652,2490,2020,70.0,3.0,3,1
1653,1462,2015,70.0,3.5,3,2
1654,1462,2015,80.0,3.5,3,2
1655,2190,2018,70.0,3.5,2,1
1656,1896,2016,71.0,2.75,2,1
1657,1896,2016,68.0,2.75,2,1
1658,1900,2016,68.0,2.75,2,1
1659,1900,2016,80.0,3.0,2,1
1660,1049,2013,58.0,2.5,3,2
1661,1049,2013,70.0,3.0,3,2
1662,867,2012,71.0,2.5,4,0
1663,1046,2013,70.0,3.75,4,2
1664,1133,2013,78.0,3.75,4,2
1665,1399,2014,75.0,2.75,4,2
1666,1399,2014,70.0,3.0,4,2
1667,1379,2014,70.0,3.25,4,2
1668,2458,2019,67.0,2.75,3,1
1669,2418,2019,70.0,3.25,3,1
1670,1007,2013,85.0,3.5,0,2
1671,1403,2014,72.0,2.25,2,2
1672,1403,2014,70.0,2.5,2,2
1673,1403,2014,73.5,2.5,2,2
1674,1403,2014,70.0,3.5,3,2
1675,2060,2018,70.0,3.25,2,1
1676,15,2006,73.0,2.0,5,0
1677,15,2006,75.0,2.75,5,0
1678,24,2006,71.0,3.0,5,0
1679,135,2007,73.0,1.0,5,0
1680,230,2008,67.0,3.75,5,0
1681,531,2010,70.0,2.5,5,0
1682,1526,2015,72.0,2.25,2,2
1683,1526,2015,72.0,2.75,2,2
1684,1526,2015,72.0,3.0,2,2
1685,1526,2015,72.0,3.0,2,2
1686,2134,2018,72.0,3.0,2,1
1687,1022,2013,75.0,2.75,3,2
1688,1022,2013,75.0,3.5,3,2
1689,2398,2019,72.0,3.75,3,1
1690,2142,2018,70.0,3.0,3,1
1691,2162,2018,72.0,2.75,3,1
1692,2158,2018,72.0,3.0,3,1
1693,2174,2018,72.0,3.0,3,1
1694,2282,2019,74.0,2.75,3,1
1695,2394,2019,72.0,3.25,3,1
1696,1295,2014,75.0,3.0,4,2
1697,1299,2014,75.0,3.0,4,2
1698,1299,2014,75.0,3.25,4,2
1699,837,2012,70.0,3.0,0,0
1700,841,2012,70.0,3.0,0,0
1701,935,2012,75.0,2.75,2,0
1702,931,2012,70.0,3.0,2,0
1703,935,2012,80.0,3.25,2,0
1704,1458,2015,70.0,2.75,2,2
1705,1458,2015,70.0,3.0,2,2
1706,1458,2015,70.0,3.5,2,2
1707,1454,2015,70.0,3.75,2,2
1708,1470,2015,70.0,3.75,2,2
1709,2486,2020,70.0,3.0,3,1
1710,2486,2020,70.0,3.25,3,1
1711,1876,2016,70.0,3.5,3,1
1712,478,2010,70.0,2.5,5,0
1713,1638,2015,70.0,3.75,2,2
1714,2386,2019,70.0,3.75,2,1
1715,1558,2015,70.0,3.75,3,2
1716,1558,2015,75.0,4.0,3,2
1717,1411,2014,66.0,2.75,2,2
1718,1411,2014,70.0,3.0,2,2
1719,1411,2014,88.0,3.25,2,2
1720,1411,2014,74.0,3.5,2,2
1721,1760,2016,100.0,2.75,1,2
1722,1760,2016,70.0,3.5,2,2
1723,2490,2020,70.0,3.0,2,1
1724,2494,2020,70.0,3.0,2,1
1725,2494,2020,70.0,3.25,2,1
1726,2494,2020,70.0,3.25,2,1
1727,2498,2020,70.0,3.25,2,1
1728,2494,2020,70.0,3.75,2,1
1729,2498,2020,70.0,3.75,2,1
1730,2582,2021,100.0,3.0,1,1
1731,2704,2021,80.0,3.0,2,1
1732,2582,2021,70.0,3.25,2,1
1733,2696,2021,70.0,3.25,2,1
1734,2704,2021,70.0,3.5,2,1
1735,2566,2021,70.0,3.75,2,1
1736,1594,2015,70.0,2.75,3,2
1737,1598,2015,70.0,3.0,3,2
1738,761,2011,70.0,3.5,2,0
1739,2142,2018,78.0,3.75,3,1
1740,457,2009,67.0,2.75,3,0
1741,457,2009,75.0,3.0,3,0
1742,486,2010,72.0,3.0,3,0
1743,486,2010,72.0,3.0,3,0
1744,688,2011,76.0,2.0,5,0
1745,688,2011,76.0,2.75,5,0
1746,688,2011,85.0,2.75,5,0
1747,688,2011,85.0,3.0,5,0
1748,693,2011,80.0,2.75,4,0
1749,1247,2014,70.0,3.0,3,2
1750,1247,2014,66.0,3.5,3,2
1751,1816,2016,70.0,3.75,3,2
1752,2036,2018,73.0,3.0,3,1
1753,2514,2020,70.0,3.25,2,1
1754,2518,2020,70.0,3.25,2,1
1755,2518,2020,70.0,3.5,2,1
1756,2680,2021,75.0,2.75,3,1
1757,2676,2021,70.0,3.25,3,1
1758,2680,2021,75.0,3.25,3,1
1759,2676,2021,75.0,3.5,3,1
1760,1161,2013,74.0,2.75,3,2
1761,1165,2013,72.0,2.75,3,2
1762,1165,2013,72.0,2.75,3,2
1763,1165,2013,72.0,3.0,3,2
1764,1165,2013,72.0,3.0,3,2
1765,2076,2018,71.0,3.0,3,1
1766,331,2009,70.0,3.0,3,0
1767,341,2009,75.0,3.0,3,0
1768,341,2009,68.0,3.25,3,0
1769,733,2011,66.0,3.75,3,0
1770,1438,2014,68.0,2.75,3,2
1771,1442,2014,80.0,3.25,2,2
1772,24,2006,60.0,3.0,5,0
1773,316,2009,60.0,3.0,5,0
1774,859,2012,65.0,3.0,4,0
1775,859,2012,72.0,3.0,4,0
1776,266,2008,100.0,2.0,0,0
1777,224,2008,60.0,2.75,4,0
1778,224,2008,72.0,3.0,4,0
1779,224,2008,65.0,3.0,4,0
1780,266,2008,70.0,3.5,4,0
1781,721,2011,70.0,3.5,4,0
1782,817,2012,85.0,2.75,4,0
1783,863,2012,70.0,4.0,4,0
1784,1415,2014,70.0,3.25,4,2
1785,1415,2014,70.0,3.5,4,2
1786,1415,2014,70.0,3.75,4,2
1787,1415,2014,70.0,4.0,4,2
1788,1848,2016,70.0,4.0,4,1
1789,2234,2018,72.0,3.25,5,1
1790,2230,2018,70.0,3.5,5,1
1791,2234,2018,72.0,3.75,5,1
1792,1239,2014,72.0,2.75,2,2
1793,1303,2014,75.0,2.75,2,2
1794,1399,2014,75.0,3.5,2,2
1795,1239,2014,78.0,3.75,2,2
1796,1399,2014,70.0,3.75,2,2
1797,1570,2015,70.0,3.25,2,2
1798,1570,2015,70.0,3.25,2,2
1799,1574,2015,72.0,3.5,2,2
1800,1574,2015,72.0,3.75,2,2
1801,1720,2016,70.0,2.75,2,2
1802,1720,2016,72.0,3.0,2,2
1803,1992,2017,72.0,2.75,2,1
1804,2000,2017,75.0,2.75,2,1
1805,1992,2017,70.0,3.5,2,1
1806,2286,2019,70.0,3.5,2,1
1807,1860,2016,76.0,3.0,2,1
1808,2334,2019,76.0,2.75,2,1
1809,2334,2019,76.0,3.0,2,1
1810,2298,2019,75.0,3.25,2,1
1811,2298,2019,76.0,3.25,2,1
1812,2302,2019,76.0,3.25,2,1
1813,2302,2019,71.0,3.5,2,1
1814,1363,2014,65.0,3.5,3,2
1815,1251,2014,70.0,3.0,2,2
1816,1255,2014,70.0,3.5,2,2
1817,1542,2015,70.0,3.5,2,2
1818,1856,2016,70.0,3.25,2,1
1819,2274,2019,75.0,2.75,3,1
1820,2274,2019,75.0,2.75,3,1
1821,2278,2019,75.0,3.0,3,1
1822,1137,2013,55.0,2.5,4,2
1823,1137,2013,70.0,2.75,4,2
1824,196,2007,70.0,4.0,3,0
1825,439,2009,67.0,3.5,3,0
1826,439,2009,70.0,3.5,3,0
1827,331,2009,75.0,4.0,3,0
1828,636,2011,70.0,3.75,3,0
1829,1034,2013,67.0,4.0,3,2
1830,1271,2014,73.0,2.25,2,2
1831,1271,2014,64.0,2.75,2,2
1832,1454,2015,82.0,3.0,3,2
1833,2258,2018,75.0,3.0,3,1
1834,2294,2019,70.0,3.25,4,1
1835,93,2006,72.0,3.0,5,0
1836,93,2006,72.0,3.75,5,0
1837,81,2006,72.0,4.0,5,0
1838,166,2007,85.0,3.5,5,0
1839,129,2007,72.0,3.75,5,0
1840,111,2007,70.0,4.0,5,0
1841,141,2007,72.0,4.0,5,0
1842,414,2009,72.0,3.0,5,0
1843,445,2009,72.0,3.0,5,0
1844,478,2010,75.0,3.0,5,0
1845,531,2010,85.0,3.0,5,0
1846,478,2010,75.0,3.25,5,0
1847,516,2010,78.0,3.75,5,0
1848,1658,2015,70.0,3.25,5,2
1849,2342,2019,76.0,3.0,4,1
1850,2342,2019,70.0,3.0,4,1
1851,2700,2021,72.0,3.5,4,1
1852,2462,2020,70.0,3.0,3,1
1853,2462,2020,70.0,3.5,3,1
1854,2462,2020,73.0,3.5,3,1
1855,1772,2016,80.0,2.5,4,2
1856,1315,2014,73.0,2.5,2,2
1857,1311,2014,73.0,3.25,2,2
1858,1319,2014,73.0,3.25,2,2
1859,1319,2014,73.0,3.5,2,2
1860,1506,2015,62.0,2.5,3,2
1861,1506,2015,80.0,2.75,2,2
1862,1510,2015,80.0,2.75,3,2
1863,1510,2015,80.0,2.75,3,2
1864,1510,2015,80.0,3.25,2,2
1865,2530,2020,70.0,3.0,3,1
1866,2530,2020,70.0,3.0,3,1
1867,2530,2020,70.0,3.25,3,1
1868,829,2012,76.0,2.5,3,0
1869,829,2012,82.0,2.75,3,0
1870,2582,2021,71.0,2.75,3,1
1871,2582,2021,76.0,3.0,3,1
1872,2586,2021,66.0,3.0,3,1
1873,607,2010,82.0,3.75,2,0
1874,789,2011,70.0,2.75,2,0
1875,654,2011,70.0,3.0,2,0
1876,647,2011,70.0,3.5,2,0
1877,789,2011,70.0,3.5,2,0
1878,1387,2014,70.0,3.75,2,2
1879,1820,2016,70.0,3.75,2,2
1880,2076,2018,70.0,4.0,2,1
1881,2538,2021,75.0,3.75,2,1
1882,2622,2021,70.0,3.75,2,1
1883,40,2006,75.0,3.0,4,0
1884,99,2006,75.0,3.0,4,0
1885,99,2006,75.0,3.0,4,0
1886,105,2006,75.0,3.0,4,0
1887,99,2006,75.0,3.5,4,0
1888,32,2006,75.0,3.75,4,0
1889,93,2006,80.0,3.75,4,0
1890,162,2007,75.0,4.0,4,0
1891,280,2008,75.0,2.0,4,0
1892,202,2008,100.0,3.0,2,0
1893,280,2008,75.0,3.5,4,0
1894,451,2009,75.0,2.0,4,0
1895,486,2010,75.0,3.5,4,0
1896,717,2011,75.0,3.25,4,0
1897,1446,2015,75.0,3.25,3,2
1898,2406,2019,75.0,3.0,4,1
1899,2410,2019,75.0,3.0,4,1
1900,2410,2019,75.0,3.0,4,1
1901,2414,2019,75.0,3.0,4,1
1902,2418,2019,75.0,3.0,4,1
1903,2410,2019,75.0,3.25,4,1
1904,2414,2019,75.0,3.25,4,1
1905,2410,2019,75.0,3.5,4,1
1906,2414,2019,75.0,3.5,4,1
1907,2418,2019,75.0,3.5,4,1
1908,2118,2018,75.0,3.25,2,1
1909,2118,2018,75.0,3.25,2,1
1910,2318,2019,70.0,2.75,2,1
1911,1223,2014,75.0,2.75,3,2
1912,1227,2014,85.0,2.75,3,2
1913,1223,2014,75.0,3.0,3,2
1914,1223,2014,72.0,3.25,3,2
1915,1688,2015,80.0,2.75,3,2
1916,1502,2015,70.0,3.5,3,2
1917,1530,2015,74.0,3.5,3,2
1918,1872,2016,77.0,3.5,3,1
1919,1956,2017,75.0,3.75,2,1
1920,2166,2018,72.0,3.25,3,1
1921,931,2012,73.0,2.75,4,0
1922,1988,2017,73.0,3.25,4,1
1923,1988,2017,75.0,3.25,4,1
1924,1984,2017,75.0,3.5,4,1
1925,1988,2017,66.0,3.5,4,1
1926,1988,2017,65.0,3.75,4,1
1927,935,2012,60.0,3.0,3,0
1928,935,2012,65.0,3.25,3,0
1929,1069,2013,55.0,2.75,3,2
1930,1057,2013,75.0,3.25,3,2
1931,1069,2013,80.0,3.25,3,2
1932,1057,2013,85.0,3.5,3,2
1933,2238,2018,70.0,3.0,3,1
1934,2426,2019,70.0,3.75,3,1
1935,2470,2020,70.0,3.5,3,1
1936,2506,2020,70.0,4.0,3,1
1937,2594,2021,70.0,3.75,3,1
1938,1796,2016,70.0,2.75,3,2
1939,1800,2016,74.0,3.0,3,2
1940,785,2011,85.0,3.5,3,0
1941,959,2012,75.0,3.25,3,2
1942,1708,2015,75.0,2.75,3,2
1943,1788,2016,70.0,3.0,3,2
1944,2032,2017,70.0,3.25,3,1
1945,2032,2017,70.0,3.5,3,1
1946,470,2010,70.0,2.75,5,0
1947,565,2010,75.0,3.0,0,0
1948,1558,2015,70.0,2.5,2,2
1949,1562,2015,80.0,3.25,2,2
1950,1562,2015,73.0,3.5,2,2
1951,2668,2021,70.0,3.25,2,1
1952,1872,2016,75.0,3.25,3,1
1953,2166,2018,72.0,3.5,3,1
1954,2158,2018,72.0,3.75,3,1
1955,2158,2018,72.0,3.75,3,1
1956,2330,2019,72.0,3.5,3,1
1957,2334,2019,72.0,3.5,3,1
1958,2618,2021,72.0,3.5,3,1
1959,867,2012,70.0,2.5,0,0
1960,147,2007,75.0,3.0,4,0
1961,147,2007,67.0,3.5,4,0
1962,170,2007,75.0,3.75,4,0
1963,439,2009,75.0,2.5,4,0
1964,494,2010,75.0,3.25,4,0
1965,745,2011,75.0,3.5,2,0
1966,967,2012,75.0,3.25,2,2
1967,979,2012,75.0,3.5,2,2
1968,891,2012,75.0,4.0,2,0
1969,1181,2013,75.0,3.0,2,2
1970,1089,2013,75.0,3.75,2,2
1971,1466,2015,85.0,3.5,2,2
1972,1466,2015,70.0,3.5,2,2
1973,1860,2016,75.0,3.75,2,1
1974,2008,2017,75.0,3.75,3,1
1975,2282,2019,70.0,3.5,2,1
1976,2418,2019,80.0,3.5,2,1
1977,2514,2020,75.0,3.5,3,1
1978,2080,2018,72.0,3.0,3,1
1979,2354,2019,70.0,2.5,3,1
1980,2354,2019,70.0,2.5,3,1
1981,1844,2016,70.0,3.25,2,1
1982,1844,2016,70.0,3.25,2,1
1983,1844,2016,70.0,3.25,2,1
1984,1061,2013,75.0,3.25,5,2
1985,1061,2013,68.0,3.25,4,2
1986,923,2012,66.0,3.5,0,0
1987,213,2008,70.0,2.75,2,0
1988,213,2008,70.0,2.75,2,0
1989,213,2008,70.0,3.0,2,0
1990,213,2008,70.0,3.0,2,0
1991,327,2009,70.0,3.5,2,0
1992,565,2010,75.0,3.75,2,0
1993,793,2011,75.0,3.0,2,0
1994,979,2012,75.0,3.75,2,2
1995,1038,2013,70.0,3.5,2,2
1996,1081,2013,70.0,3.5,2,2
1997,1193,2013,75.0,3.75,2,2
1998,1081,2013,75.0,4.0,2,2
1999,1209,2014,80.0,3.75,2,2
2000,1566,2015,75.0,3.25,2,2
2001,1446,2015,70.0,3.75,2,2
2002,1748,2016,75.0,3.75,2,2
2003,717,2011,71.0,2.5,3,0
2004,765,2011,77.0,2.75,3,0
2005,713,2011,73.0,3.5,3,0
2006,717,2011,70.0,3.5,3,0
2007,871,2012,76.0,2.25,3,0
2008,809,2012,84.0,2.5,3,0
2009,871,2012,72.0,2.5,3,0
2010,2004,2017,73.0,3.75,3,1
2011,2672,2021,72.0,3.75,3,1
2012,1964,2017,72.0,2.75,3,1
2013,2036,2018,75.0,3.0,3,1
2014,2036,2018,70.0,3.5,3,1
2015,2668,2021,77.0,2.75,2,1
2016,2660,2021,72.0,3.5,2,1
2017,615,2010,100.0,1.5,0,0
2018,615,2010,70.0,3.0,0,0
2019,607,2010,64.0,3.5,0,0
2020,615,2010,72.0,3.5,0,0
2021,615,2010,72.0,3.5,0,0
2022,813,2012,83.0,2.75,4,0
2023,813,2012,69.0,3.25,4,0
2024,288,2008,70.0,3.5,4,0
2025,288,2008,70.0,3.5,4,0
2026,288,2008,70.0,3.5,4,0
2027,292,2008,70.0,3.5,4,0
2028,2004,2017,70.0,3.25,4,1
2029,32,2006,53.0,2.0,5,0
2030,32,2006,65.0,3.0,5,0
2031,32,2006,70.0,3.75,5,0
2032,404,2009,75.0,2.75,3,0
2033,414,2009,70.0,3.0,5,0
2034,761,2011,70.0,2.75,5,0
2035,15,2006,82.0,2.0,5,0
2036,40,2006,68.0,2.0,5,0
2037,56,2006,70.0,2.0,5,0
2038,56,2006,62.0,3.0,5,0
2039,15,2006,70.0,3.5,5,0
2040,117,2007,72.0,3.0,5,0
2041,135,2007,62.0,3.0,5,0
2042,188,2007,75.0,3.0,5,0
2043,135,2007,75.0,3.75,5,0
2044,227,2008,72.0,3.0,5,0
2045,336,2009,68.0,3.75,5,0
2046,445,2009,72.0,3.75,5,0
2047,336,2009,65.0,4.0,5,0
2048,464,2010,68.0,3.5,5,0
2049,464,2010,65.0,3.75,5,0
2050,781,2011,68.0,3.75,5,0
2051,959,2012,78.0,4.0,4,2
2052,1658,2015,70.0,2.75,2,2
2053,1658,2015,70.0,2.75,2,2
2054,2104,2018,70.0,2.75,2,1
2055,2108,2018,70.0,3.0,2,1
2056,2104,2018,70.0,3.25,2,1
2057,2446,2019,70.0,2.75,2,1
2058,2446,2019,70.0,3.5,2,1
2059,2660,2021,75.0,3.25,2,1
2060,2590,2021,70.0,3.5,2,1
2061,2594,2021,70.0,3.5,2,1
2062,2660,2021,70.0,3.5,2,1
2063,2370,2019,70.0,3.0,3,1
2064,2370,2019,70.0,3.0,3,1
2065,2366,2019,70.0,3.5,3,1
2066,1335,2014,75.0,3.0,2,2
2067,1335,2014,72.0,3.25,2,2
2068,1466,2015,77.0,2.75,2,2
2069,1450,2015,72.0,3.25,2,2
2070,1450,2015,73.0,3.5,2,2
2071,1466,2015,74.0,3.5,2,2
2072,713,2011,73.0,2.0,4,0
2073,721,2011,73.0,2.5,4,0
2074,757,2011,75.0,3.5,3,0
2075,1884,2016,70.0,3.25,3,1
2076,1586,2015,82.0,3.25,3,2
2077,1586,2015,70.0,3.5,3,2
2078,911,2012,70.0,2.5,0,0
2079,717,2011,67.0,3.0,4,0
2080,741,2011,68.0,3.0,4,0
2081,725,2011,65.0,3.25,4,0
2082,729,2011,60.0,3.25,4,0
2083,1339,2014,67.0,3.75,3,2
2084,1339,2014,73.0,3.75,3,2
2085,1343,2014,73.0,3.75,3,2
2086,1502,2015,100.0,3.0,1,2
2087,1506,2015,100.0,3.0,1,2
2088,1614,2015,73.0,3.0,2,2
2089,1614,2015,73.0,3.25,2,2
2090,1650,2015,73.0,3.25,2,2
2091,1788,2016,73.0,3.5,2,2
2092,1856,2016,73.0,3.5,2,1
2093,1860,2016,73.0,3.75,2,1
2094,1996,2017,73.0,3.75,2,1
2095,2652,2021,73.0,3.0,3,1
2096,2652,2021,73.0,3.25,3,1
2097,1454,2015,70.0,2.75,4,2
2098,1462,2015,72.0,3.0,3,2
2099,1626,2015,72.0,2.75,3,2
2100,1666,2015,67.0,3.0,3,2
2101,1618,2015,65.0,3.25,3,2
2102,1622,2015,70.0,3.5,3,2
2103,1662,2015,65.0,3.5,3,2
2104,1622,2015,67.0,3.75,3,2
2105,1622,2015,70.0,3.75,3,2
2106,1666,2015,70.0,3.75,3,2
2107,1622,2015,72.0,4.0,3,2
2108,1864,2016,70.0,3.0,3,1
2109,1908,2016,70.0,3.25,3,1
2110,1740,2016,70.0,3.75,3,2
2111,1756,2016,70.0,3.75,3,2
2112,1864,2016,67.0,3.75,3,1
2113,1740,2016,70.0,4.0,3,2
2114,1940,2017,70.0,3.5,3,1
2115,1952,2017,70.0,3.5,3,1
2116,502,2010,68.0,3.0,3,0
2117,502,2010,68.0,3.25,3,0
2118,693,2011,67.0,1.5,3,0
2119,2112,2018,66.0,3.25,3,1
2120,1968,2017,70.0,2.75,3,1
2121,1518,2015,72.0,3.0,2,2
2122,1812,2016,70.0,3.5,2,2
2123,1840,2016,85.0,2.75,2,2
2124,1840,2016,68.0,2.75,2,2
2125,2366,2019,70.0,2.5,3,1
2126,1792,2016,70.0,3.25,2,2
2127,1796,2016,75.0,3.25,2,2
2128,1157,2013,70.0,3.0,2,2
2129,1157,2013,70.0,3.0,2,2
2130,1161,2013,70.0,3.25,2,2
2131,1161,2013,70.0,3.25,3,2
2132,1161,2013,70.0,3.5,3,2
2133,1335,2014,70.0,3.0,3,2
2134,1992,2017,70.0,3.25,3,1
2135,2068,2018,70.0,3.25,3,1
2136,2660,2021,70.0,3.5,3,1
2137,377,2009,70.0,3.0,3,0
2138,387,2009,70.0,3.0,3,0
2139,377,2009,70.0,3.5,3,0
2140,387,2009,70.0,3.5,3,0
2141,387,2009,70.0,3.75,3,0
2142,387,2009,70.0,3.75,3,0
2143,607,2010,70.0,3.75,3,0
2144,676,2011,70.0,2.75,3,0
2145,676,2011,70.0,3.5,3,0
2146,688,2011,70.0,3.5,3,0
2147,682,2011,70.0,3.75,3,0
2148,676,2011,70.0,4.0,3,0
2149,676,2011,64.0,4.0,3,0
2150,817,2012,70.0,3.25,3,0
2151,951,2012,70.0,3.5,3,0
2152,967,2012,70.0,3.5,3,2
2153,983,2012,85.0,3.5,3,2
2154,833,2012,70.0,3.75,3,0
2155,951,2012,70.0,3.75,3,0
2156,867,2012,70.0,4.0,3,0
2157,867,2012,70.0,4.0,3,0
2158,1073,2013,70.0,2.75,3,2
2159,1030,2013,70.0,3.25,3,2
2160,1077,2013,70.0,3.25,3,2
2161,1173,2013,70.0,3.25,3,2
2162,1019,2013,77.0,3.75,3,2
2163,1073,2013,70.0,3.75,3,2
2164,1077,2013,70.0,3.75,3,2
2165,1077,2013,88.0,4.0,3,2
2166,1077,2013,70.0,4.0,3,2
2167,1081,2013,67.0,4.0,3,2
2168,1177,2013,70.0,4.0,3,2
2169,1307,2014,70.0,3.25,3,2
2170,1339,2014,70.0,3.25,3,2
2171,1227,2014,70.0,3.5,3,2
2172,1307,2014,80.0,3.5,3,2
2173,1259,2014,70.0,3.75,3,2
2174,1307,2014,70.0,3.75,3,2
2175,1594,2015,70.0,3.5,3,2
2176,1594,2015,75.0,4.0,3,2
2177,1832,2016,70.0,3.25,3,2
2178,1820,2016,62.0,3.5,3,2
2179,1820,2016,70.0,3.5,3,2
2180,1828,2016,70.0,3.5,3,2
2181,1828,2016,70.0,3.75,3,2
2182,1828,2016,75.0,3.75,3,2
2183,1828,2016,70.0,4.0,3,2
2184,2016,2017,70.0,3.25,3,1
2185,2016,2017,70.0,4.0,3,1
2186,2068,2018,70.0,3.0,3,1
2187,2242,2018,70.0,4.0,3,1
2188,2242,2018,70.0,4.0,3,1
2189,2680,2021,62.0,3.25,4,1
2190,2638,2021,70.0,3.5,3,1
2191,2638,2021,70.0,3.5,3,1
2192,2700,2021,70.0,4.0,3,1
2193,1367,2014,70.0,3.25,2,2
2194,1395,2014,70.0,3.5,2,2
2195,1932,2017,70.0,3.25,2,1
2196,1936,2017,75.0,3.25,2,1
2197,1936,2017,77.0,3.25,2,1
2198,1936,2017,70.0,3.5,2,1
2199,1936,2017,75.0,3.5,2,1
2200,1940,2017,80.0,3.5,2,1
2201,793,2012,70.0,3.0,4,0
2202,793,2012,80.0,3.0,4,0
2203,793,2012,75.0,3.25,4,0
2204,1434,2014,72.0,2.75,3,2
2205,1792,2016,70.0,3.5,3,2
2206,1792,2016,70.0,3.75,3,2
2207,1792,2016,70.0,3.75,3,2
2208,1932,2017,70.0,2.75,3,1
2209,1932,2017,70.0,3.5,3,1
2210,1932,2017,70.0,3.75,3,1
2211,2684,2021,70.0,3.25,2,1
2212,2684,2021,70.0,3.5,2,1
2213,2684,2021,70.0,3.5,2,1
2214,1057,2013,70.0,3.0,4,2
2215,1121,2013,84.0,2.25,3,2
2216,1113,2013,70.0,3.0,3,2
2217,1634,2015,70.0,3.0,4,2
2218,1692,2015,70.0,3.0,4,2
2219,1692,2015,70.0,3.0,4,2
2220,1692,2015,70.0,3.0,4,2
2221,1696,2015,70.0,3.0,4,2
2222,729,2011,72.0,3.25,4,0
2223,859,2012,68.0,2.75,4,0
2224,1291,2014,84.0,3.5,3,2
2225,1291,2014,70.0,3.5,3,2
2226,2012,2017,70.0,2.5,3,1
2227,939,2012,65.0,2.5,4,0
2228,943,2012,70.0,2.5,4,0
2229,943,2012,75.0,2.75,4,0
2230,1157,2013,67.0,2.75,2,2
2231,1157,2013,78.0,3.25,2,2
2232,1800,2016,61.0,2.5,5,2
2233,1800,2016,71.0,3.0,5,2
2234,1796,2016,70.0,2.75,3,2
2235,1796,2016,60.0,3.0,3,2
2236,1618,2015,70.0,2.75,2,2
2237,2434,2019,74.0,2.75,2,1
2238,2634,2021,72.0,3.0,3,1
2239,2634,2021,72.0,3.0,3,1
2240,2634,2021,77.0,3.5,3,1
2241,2634,2021,80.0,3.75,3,1
2242,2242,2018,70.0,2.5,5,1
2243,2234,2018,75.0,2.75,3,1
2244,2234,2018,70.0,3.0,5,1
2245,2242,2018,70.0,3.0,5,1
2246,2230,2018,75.0,3.25,5,1
2247,2474,2020,74.0,3.0,3,1
2248,2470,2020,68.0,3.25,3,1
2249,2482,2020,73.0,3.25,3,1
2250,761,2011,70.0,3.0,3,0
2251,939,2012,70.0,3.25,3,0
2252,939,2012,70.0,3.25,3,0
2253,939,2012,70.0,3.75,3,0
2254,1193,2013,70.0,3.25,3,2
2255,1185,2013,70.0,3.5,3,2
2256,1185,2013,70.0,3.5,3,2
2257,1263,2014,70.0,3.5,3,2
2258,1263,2014,70.0,3.75,3,2
2259,1668,2015,70.0,3.25,3,2
2260,1704,2015,88.0,3.25,3,2
2261,1704,2015,70.0,3.25,3,2
2262,1708,2015,70.0,3.25,3,2
2263,1708,2015,70.0,3.5,3,2
2264,1704,2015,70.0,3.75,3,2
2265,1105,2013,70.0,2.5,4,2
2266,1101,2013,70.0,2.75,4,2
2267,1101,2013,70.0,2.75,4,2
2268,1105,2013,70.0,3.0,4,2
2269,1680,2015,77.0,2.75,4,2
2270,1450,2015,70.0,3.0,5,2
2271,1450,2015,62.0,3.25,5,2
2272,1450,2015,60.0,3.25,5,2
2273,2286,2019,70.0,2.75,3,1
2274,2286,2019,75.0,3.0,3,1
2275,1868,2016,70.0,3.25,2,1
2276,2262,2019,75.0,3.0,4,1
2277,2326,2019,75.0,3.25,3,1
2278,2326,2019,75.0,4.0,3,1
2279,1646,2015,75.0,3.0,4,2
2280,2306,2019,72.0,3.0,3,1
2281,2306,2019,70.0,3.25,3,1
2282,2566,2021,67.0,2.75,3,1
2283,180,2007,70.0,3.0,3,0
2284,451,2009,75.0,2.75,3,0
2285,785,2011,87.0,3.25,3,0
2286,1271,2014,68.0,3.0,3,2
2287,199,2008,70.0,2.5,5,0
2288,280,2008,70.0,2.5,5,0
2289,284,2008,70.0,2.5,5,0
2290,280,2008,70.0,2.75,5,0
2291,387,2009,60.0,2.75,5,0
2292,387,2009,68.0,3.0,5,0
2293,915,2012,99.0,3.25,0,0
2294,1716,2016,62.0,2.0,5,2
2295,821,2012,70.0,2.0,4,0
2296,801,2012,70.0,2.75,4,0
2297,829,2012,70.0,2.75,3,0
2298,967,2012,70.0,2.75,3,2
2299,801,2012,70.0,3.0,4,0
2300,805,2012,70.0,3.0,4,0
2301,829,2012,70.0,3.0,3,0
2302,971,2012,80.0,3.0,4,2
2303,817,2012,70.0,3.25,4,0
2304,825,2012,70.0,3.25,3,0
2305,833,2012,70.0,3.25,3,0
2306,971,2012,67.0,3.25,3,2
2307,805,2012,70.0,3.5,4,0
2308,971,2012,70.0,3.5,3,2
2309,1323,2014,77.0,3.25,2,2
2310,1323,2014,67.0,3.75,2,2
2311,1323,2014,73.0,3.75,2,2
2312,1478,2015,70.0,2.75,2,2
2313,1482,2015,70.0,3.25,2,2
2314,1554,2015,70.0,3.5,3,2
2315,1478,2015,70.0,3.75,2,2
2316,1478,2015,70.0,3.75,2,2
2317,1558,2015,70.0,3.75,3,2
2318,2374,2019,72.0,2.75,3,1
2319,2358,2019,77.0,3.0,3,1
2320,2370,2019,77.0,3.25,3,1
2321,1614,2015,70.0,3.0,3,2
2322,188,2007,91.0,2.0,2,0
2323,184,2007,75.0,2.5,4,0
2324,184,2007,84.0,3.0,4,0
2325,188,2007,75.0,3.0,3,0
2326,162,2007,65.0,3.5,3,0
2327,903,2012,65.0,3.25,4,0
2328,1684,2015,70.0,3.25,2,2
2329,2414,2019,70.0,3.5,2,1
2330,2182,2018,70.0,3.0,3,1
2331,2182,2018,70.0,3.25,3,1
2332,1836,2016,72.0,3.75,3,2
2333,2358,2019,71.0,2.75,2,1
2334,2510,2020,75.0,3.25,3,1
2335,1418,2014,81.0,3.25,2,2
2336,895,2012,70.0,4.0,0,0
2337,789,2011,72.0,2.75,3,0
2338,789,2011,74.0,3.0,3,0
2339,927,2012,77.0,3.0,3,0
2340,2064,2018,70.0,2.75,3,1
2341,2060,2018,70.0,3.0,3,1
2342,2060,2018,70.0,3.5,3,1
2343,2270,2019,70.0,2.75,3,1
2344,2314,2019,70.0,3.5,2,1
2345,1239,2014,72.0,3.0,2,2
2346,907,2012,70.0,2.75,3,0
2347,821,2012,70.0,3.25,3,0
2348,2526,2020,70.0,3.25,2,1
2349,2526,2020,70.0,3.25,2,1
2350,2530,2020,70.0,3.75,2,1
2351,2664,2021,70.0,3.25,2,1
2352,2210,2018,73.0,3.0,3,1
2353,2218,2018,70.0,3.5,3,1
2354,2490,2020,70.0,2.75,2,1
2355,2490,2020,70.0,2.75,2,1
2356,2470,2020,70.0,3.0,2,1
2357,753,2011,72.0,3.5,0,0
2358,753,2011,73.0,2.75,2,0
2359,1026,2013,75.0,2.5,2,2
2360,1022,2013,68.0,3.25,2,2
2361,1235,2014,75.0,3.5,2,2
2362,1700,2015,75.0,2.75,2,2
2363,1700,2015,75.0,3.5,2,2
2364,1996,2017,75.0,3.25,2,1
2365,1740,2016,60.0,3.0,3,2
2366,709,2011,63.0,3.75,0,0
2367,2000,2017,75.0,2.75,2,1
2368,2004,2017,75.0,3.0,2,1
2369,2004,2017,75.0,3.25,2,1
2370,1438,2014,74.0,2.75,2,2
2371,1438,2014,70.0,3.0,2,2
2372,1752,2016,72.0,3.0,2,2
2373,1752,2016,72.0,3.25,2,2
2374,1327,2014,65.0,3.25,4,2
2375,1968,2017,70.0,3.75,3,1
2376,2210,2018,70.0,3.75,3,1
2377,2478,2020,74.0,3.5,3,1
2378,75,2006,64.0,2.5,5,0
2379,63,2006,66.0,3.0,5,0
2380,75,2006,64.0,3.0,5,0
2381,75,2006,64.0,3.5,5,0
2382,63,2006,70.0,3.75,5,0
2383,147,2007,85.0,1.5,5,0
2384,153,2007,85.0,2.5,5,0
2385,157,2007,71.0,2.75,5,0
2386,117,2007,72.0,3.0,5,0
2387,162,2007,64.0,3.25,5,0
2388,129,2007,65.0,3.75,5,0
2389,129,2007,64.0,4.0,5,0
2390,395,2009,68.0,3.5,5,0
2391,327,2009,64.0,3.75,5,0
2392,370,2009,66.0,3.75,5,0
2393,709,2011,56.0,3.25,5,0
2394,757,2011,64.0,4.0,5,0
2395,931,2012,69.0,4.0,5,0
2396,1145,2013,70.0,3.5,5,2
2397,1153,2013,64.0,3.5,5,2
2398,1510,2015,63.0,4.0,5,2
2399,1972,2017,60.0,3.25,3,1
2400,963,2012,72.0,2.5,0,2
2401,963,2012,65.0,2.75,0,2
2402,404,2009,72.0,2.75,3,0
2403,404,2009,76.0,2.75,4,0
2404,404,2009,80.0,2.75,4,0
2405,404,2009,70.0,3.0,0,0
2406,404,2009,68.0,3.0,0,0
2407,404,2009,64.0,3.25,0,0
2408,1470,2015,70.0,3.25,2,2
2409,1470,2015,70.0,3.25,2,2
2410,2186,2018,70.0,2.75,2,1
2411,2186,2018,70.0,3.0,2,1
2412,2190,2018,70.0,3.25,2,1
2413,991,2012,70.0,3.25,3,2
2414,1117,2013,90.0,3.75,3,2
2415,1211,2014,90.0,3.25,3,2
2416,1211,2014,75.0,3.5,3,2
2417,1227,2014,75.0,3.5,3,2
2418,2578,2021,75.0,2.75,2,1
2419,2578,2021,75.0,3.0,2,1
2420,2578,2021,70.0,3.5,3,1
2421,2578,2021,75.0,3.5,2,1
2422,951,2012,70.0,3.5,4,0
2423,1205,2014,75.0,3.0,3,2
2424,153,2007,100.0,2.0,0,0
2425,153,2007,90.0,2.0,0,0
2426,153,2007,75.0,3.0,0,0
2427,153,2007,65.0,3.0,3,0
2428,1458,2015,77.0,2.75,2,2
2429,1502,2015,77.0,2.75,2,2
2430,1458,2015,77.0,3.0,2,2
2431,1458,2015,77.0,3.0,2,2
2432,1458,2015,77.0,3.25,2,2
2433,1720,2016,70.0,2.5,5,2
2434,1720,2016,70.0,2.5,5,2
2435,1724,2016,70.0,3.0,5,2
2436,2178,2018,70.0,2.5,5,1
2437,2182,2018,70.0,2.5,5,1
2438,1756,2016,70.0,3.5,2,2
2439,1756,2016,70.0,3.5,2,2
2440,2012,2017,77.0,3.0,2,1
2441,2092,2018,68.0,3.0,3,1
2442,2096,2018,72.0,3.0,3,1
2443,2626,2021,74.0,3.5,3,1
2444,2626,2021,72.0,3.5,3,1
2445,2622,2021,74.0,3.75,2,1
2446,2622,2021,72.0,3.75,3,1
2447,733,2011,72.0,2.5,0,0
2448,1169,2013,75.0,2.5,3,2
2449,1169,2013,89.0,2.75,3,2
2450,1173,2013,75.0,2.75,3,2
2451,1169,2013,75.0,3.25,3,2
2452,457,2009,70.0,3.0,3,0
2453,457,2009,72.0,3.25,3,0
2454,593,2010,71.0,3.0,3,0
2455,593,2010,72.0,3.5,3,0
2456,593,2010,69.0,3.75,3,0
2457,1109,2013,100.0,2.25,0,2
2458,1227,2014,88.0,3.0,3,2
2459,1848,2016,70.0,4.0,3,1
2460,1912,2016,74.0,3.0,3,1
2461,1912,2016,76.0,3.5,3,1
2462,1916,2016,75.0,3.75,3,1
2463,2406,2019,68.0,3.25,3,1
2464,2346,2019,70.0,3.5,3,1
2465,2652,2021,70.0,3.5,3,1
2466,769,2011,70.0,3.5,2,0
2467,741,2011,70.0,4.0,2,0
2468,825,2012,70.0,2.5,2,0
2469,825,2012,70.0,3.0,2,0
2470,951,2012,70.0,3.25,3,0
2471,1042,2013,70.0,3.25,2,2
2472,1042,2013,70.0,3.5,2,2
2473,1243,2014,70.0,3.0,2,2
2474,2656,2021,70.0,3.0,2,1
2475,1057,2013,66.0,3.0,5,2
2476,2374,2019,65.0,2.75,4,1
2477,2378,2019,75.0,3.0,4,1
2478,2374,2019,70.0,3.25,4,1
2479,2522,2020,73.0,3.25,2,1
2480,2518,2020,70.0,3.5,2,1
2481,2522,2020,72.0,3.5,2,1
2482,1948,2017,70.0,2.5,2,1
2483,1948,2017,70.0,2.75,2,1
2484,2618,2021,70.0,3.25,3,1
2485,2618,2021,70.0,3.5,3,1
2486,2618,2021,70.0,3.5,3,1
2487,2700,2021,70.0,3.0,3,1
2488,1574,2015,70.0,3.0,3,2
2489,1582,2015,60.0,3.0,3,2
2490,1578,2015,70.0,3.25,3,2
2491,1578,2015,70.0,3.25,3,2
2492,1578,2015,70.0,3.25,3,2
2493,1578,2015,70.0,3.5,3,2
2494,1824,2016,70.0,2.75,3,2
2495,1824,2016,85.0,2.75,3,2
2496,1824,2016,85.0,3.0,3,2
2497,1820,2016,70.0,3.5,3,2
2498,1824,2016,70.0,3.5,3,2
2499,1880,2016,78.0,3.5,2,1
2500,697,2011,68.0,3.5,4,0
2501,701,2011,66.0,3.5,4,0
2502,701,2011,72.0,3.75,4,0
2503,1780,2016,65.0,3.25,5,2
2504,1716,2016,78.0,3.75,4,2
2505,2044,2018,72.0,3.0,3,1
2506,2230,2018,68.0,3.0,3,1
2507,2064,2018,75.0,3.25,3,1
2508,2048,2018,70.0,3.75,3,1
2509,486,2010,65.0,3.0,4,0
2510,749,2011,65.0,3.0,4,0
2511,781,2011,62.0,3.25,4,0
2512,749,2011,65.0,3.5,4,0
2513,647,2011,70.0,3.75,4,0
2514,875,2012,70.0,3.0,4,0
2515,879,2012,75.0,3.0,4,0
2516,879,2012,75.0,3.0,4,0
2517,879,2012,90.0,3.25,4,0
2518,883,2012,68.0,3.25,4,0
2519,801,2012,72.0,3.5,4,0
2520,801,2012,65.0,3.5,4,0
2521,875,2012,70.0,3.5,4,0
2522,883,2012,58.0,3.5,4,0
2523,875,2012,62.0,3.75,4,0
2524,879,2012,70.0,3.75,4,0
2525,1205,2014,80.0,2.75,4,2
2526,1996,2017,75.0,3.75,3,1
2527,2036,2018,75.0,3.0,3,1
2528,2170,2018,70.0,3.25,3,1
2529,2170,2018,72.0,3.5,3,1
