,REF,Review Date,Cocoa Percent,Ingredients,Rating
0,2454,2019,76.0,3,3.25
1,2458,2019,76.0,3,3.5
2,2454,2019,76.0,3,3.75
3,2542,2021,68.0,3,3.0
4,2546,2021,72.0,3,3.0
5,2546,2021,80.0,3,3.25
6,2542,2021,68.0,3,3.5
7,797,2012,70.0,4,3.5
8,797,2012,63.0,4,3.75
9,1011,2013,70.0,4,2.75
10,1015,2013,70.0,4,2.75
11,1011,2013,70.0,4,3.0
12,1015,2013,70.0,4,3.0
13,1011,2013,70.0,4,3.25
14,1015,2013,70.0,4,3.25
15,1019,2013,70.0,4,3.25
16,1019,2013,70.0,4,3.5
17,1011,2013,70.0,4,3.75
18,1015,2013,70.0,4,4.0
19,1019,2013,63.0,3,4.0
20,1315,2014,70.0,4,2.75
21,1315,2014,70.0,4,3.5
22,1315,2014,70.0,4,3.5
23,1319,2014,70.0,4,3.75
24,1319,2014,70.0,4,4.0
25,1676,2015,70.0,4,2.75
26,1676,2015,70.0,4,3.0
27,1680,2015,70.0,4,3.5
28,1704,2015,70.0,4,3.5
29,1876,2016,63.0,4,3.75
30,2206,2018,70.0,4,3.5
31,2206,2018,63.0,4,3.75
32,2648,2021,70.0,4,4.0
33,1462,2015,70.0,2,3.75
34,1470,2015,70.0,2,3.75
35,2462,2020,74.0,2,3.25
36,2470,2020,70.0,2,3.5
37,705,2011,60.0,3,2.75
38,705,2011,80.0,3,3.25
39,705,2011,88.0,3,3.5
40,705,2011,72.0,3,3.5
41,2438,2019,70.0,2,2.5
42,2438,2019,70.0,2,2.75
43,2442,2019,70.0,2,2.75
44,2438,2019,70.0,2,3.0
45,370,2009,55.0,4,2.75
46,370,2009,70.0,4,3.0
47,316,2009,70.0,3,3.0
48,502,2010,75.0,4,2.75
49,508,2010,75.0,4,2.75
50,636,2011,75.0,4,3.75
51,1061,2013,75.0,5,2.5
52,1173,2013,75.0,5,2.5
53,1215,2014,65.0,6,2.75
54,1215,2014,75.0,5,2.75
55,1215,2014,75.0,5,3.0
56,1992,2017,75.0,6,3.5
57,1944,2017,70.0,3,3.5
58,1944,2017,70.0,3,3.5
59,1944,2017,70.0,3,3.5
60,1944,2017,70.0,3,3.5
61,1125,2013,60.0,4,2.5
62,1125,2013,60.0,4,3.0
63,1133,2013,60.0,4,3.0
64,1129,2013,80.0,4,3.25
65,1133,2013,60.0,4,3.25
66,1732,2016,60.0,3,2.5
67,1732,2016,60.0,3,2.5
68,1728,2016,60.0,3,2.75
69,1732,2016,60.0,3,2.75
70,1728,2016,60.0,3,3.0
71,2044,2018,70.0,3,3.0
72,147,2007,70.0,4,3.0
73,129,2007,70.0,4,3.5
74,175,2007,70.0,4,3.75
75,304,2008,70.0,4,2.75
76,363,2009,70.0,4,3.0
77,544,2010,70.0,4,3.0
78,470,2010,70.0,4,3.75
79,470,2010,70.0,4,4.0
80,725,2011,70.0,4,4.0
81,327,2009,70.0,2,2.75
82,464,2009,85.0,2,2.75
83,322,2009,70.0,2,3.0
84,464,2009,85.0,2,3.0
85,1964,2017,70.0,,3.0
86,1964,2017,70.0,,3.5
87,1145,2013,72.0,3,3.25
88,1145,2013,73.0,3,3.5
89,1494,2015,64.0,4,3.0
90,1494,2015,66.0,2,3.25
91,1498,2015,75.0,2,3.25
92,1498,2015,63.0,2,3.25
93,1498,2015,70.0,2,3.25
94,1498,2015,68.0,2,3.5
95,75,2006,66.0,4,3.75
96,123,2007,70.0,4,3.0
97,123,2007,70.0,4,3.0
98,123,2007,70.0,4,3.5
99,129,2007,70.0,4,3.5
100,170,2007,63.0,4,3.5
101,123,2007,70.0,4,3.75
102,979,2012,70.0,4,3.75
103,2088,2018,70.0,4,3.0
104,2088,2018,70.0,4,3.0
105,2092,2018,70.0,4,3.0
106,2092,2018,75.0,4,3.5
107,2434,2019,70.0,3,2.75
108,572,2010,85.0,4,2.75
109,572,2010,50.0,4,3.75
110,572,2010,75.0,4,3.75
111,572,2010,60.0,4,4.0
112,1065,2013,75.0,4,3.25
113,1259,2014,75.0,2,3.0
114,1852,2016,75.0,2,3.5
115,2586,2021,75.0,2,3.0
116,2586,2021,75.0,2,3.25
117,1379,2014,72.0,3,2.5
118,1379,2014,75.0,3,2.75
119,1375,2014,75.0,3,3.0
120,1379,2014,75.0,3,3.0
121,1602,2015,75.0,2,2.75
122,1602,2015,70.0,2,3.25
123,1534,2015,70.0,2,3.5
124,1534,2015,68.0,2,3.5
125,1598,2015,70.0,2,3.5
126,1602,2015,75.0,3,3.5
127,1534,2015,70.0,2,3.75
128,1598,2015,70.0,2,3.75
129,1598,2015,70.0,2,4.0
130,1904,2016,70.0,3,3.25
131,1904,2016,70.0,3,3.25
132,1928,2016,70.0,2,3.25
133,1928,2016,73.0,2,3.25
134,1724,2016,70.0,2,3.5
135,1900,2016,73.0,3,3.5
136,1904,2016,70.0,2,3.5
137,1908,2016,70.0,2,3.5
138,1724,2016,70.0,2,3.75
139,1904,2016,70.0,3,3.75
140,1928,2016,70.0,2,3.75
141,1908,2016,70.0,2,4.0
142,1924,2016,70.0,2,4.0
143,2020,2017,70.0,2,3.5
144,2020,2017,70.0,3,3.5
145,2020,2017,73.0,3,3.5
146,2028,2017,70.0,3,3.5
147,2024,2017,70.0,2,4.0
148,2028,2017,70.0,2,4.0
149,2068,2018,70.0,2,3.0
150,2254,2018,70.0,2,4.0
151,2450,2019,70.0,3,3.0
152,2330,2019,70.0,3,3.25
153,2166,2018,70.0,2,3.0
154,2162,2018,70.0,2,3.25
155,2162,2018,70.0,2,3.5
156,2162,2018,70.0,2,3.5
157,300,2008,72.0,3,3.75
158,363,2009,72.0,3,1.75
159,355,2009,75.0,3,2.5
160,355,2009,72.0,3,2.75
161,363,2009,80.0,3,3.0
162,363,2009,75.0,3,3.0
163,363,2009,72.0,3,3.25
164,486,2010,100.0,,1.75
165,600,2010,72.0,3,3.25
166,600,2010,72.0,3,3.25
167,600,2010,72.0,3,3.5
168,531,2010,72.0,3,3.75
169,745,2011,72.0,3,2.75
170,729,2011,72.0,3,4.0
171,947,2012,72.0,3,3.75
172,1193,2013,72.0,3,3.25
173,1181,2013,72.0,4,2.75
174,2562,2021,72.0,4,3.25
175,2562,2021,72.0,4,3.25
176,2566,2021,72.0,4,3.5
177,141,2007,75.0,2,2.5
178,175,2007,70.0,2,3.0
179,331,2009,77.0,2,3.75
180,647,2011,72.0,2,3.75
181,661,2011,70.0,2,3.75
182,1780,2016,68.0,3,3.75
183,2434,2019,70.0,4,3.0
184,2056,2018,77.0,4,2.75
185,2056,2018,70.0,3,3.0
186,2056,2018,70.0,3,3.0
187,2056,2018,70.0,3,3.5
188,2672,2021,70.0,2,2.5
189,2672,2021,70.0,2,3.0
190,999,2012,70.0,2,2.5
191,999,2012,70.0,2,2.5
192,995,2012,70.0,2,3.0
193,1474,2015,80.0,2,3.25
194,1474,2015,70.0,2,3.5
195,2146,2018,70.0,2,3.0
196,1454,2015,70.0,3,2.75
197,1454,2015,70.0,3,3.5
198,2290,2019,72.0,3,2.5
199,2294,2019,82.0,3,2.75
200,2294,2019,72.0,3,3.25
201,983,2012,70.0,2,3.25
202,983,2012,70.0,2,3.5
203,983,2012,70.0,2,3.75
204,1295,2014,70.0,2,4.0
205,1554,2015,70.0,2,3.5
206,1980,2017,72.0,2,3.5
207,1980,2017,80.0,2,3.5
208,955,2012,80.0,4,2.75
209,1880,2016,65.0,3,3.25
210,1840,2016,65.0,3,3.5
211,1868,2016,70.0,3,3.75
212,2374,2019,70.0,4,2.25
213,1948,2017,73.0,3,3.0
214,1948,2017,72.0,3,3.25
215,1784,2016,80.0,3,2.75
216,1784,2016,70.0,3,2.75
217,1784,2016,70.0,3,2.75
218,1788,2016,90.0,3,2.75
219,586,2010,64.0,4,2.75
220,586,2010,64.0,4,2.75
221,586,2010,64.0,4,2.75
222,586,2010,71.0,4,3.5
223,1804,2016,70.0,3,3.25
224,1800,2016,70.0,3,3.5
225,1864,2016,70.0,2,3.5
226,2190,2018,75.0,3,3.25
227,2648,2021,70.0,3,3.75
228,1768,2016,83.0,3,2.75
229,1768,2016,78.0,3,3.0
230,1768,2016,83.0,3,3.5
231,2246,2018,72.0,4,3.0
232,2246,2018,72.0,4,3.0
233,2246,2018,72.0,4,3.0
234,773,2011,72.0,3,3.75
235,757,2011,72.0,3,4.0
236,1141,2013,74.0,3,3.5
237,1141,2013,74.0,3,3.5
238,1141,2013,74.0,3,3.5
239,1141,2013,73.0,3,4.0
240,797,2012,55.0,5,2.75
241,508,2010,70.0,3,3.25
242,508,2010,74.0,3,3.25
243,508,2010,64.0,3,3.5
244,508,2010,72.0,3,3.5
245,636,2011,64.0,3,3.0
246,636,2011,88.0,3,3.0
247,636,2011,72.0,3,3.5
248,636,2011,72.0,3,4.0
249,1482,2015,76.0,2,2.5
250,1486,2015,76.0,2,2.5
251,1486,2015,78.0,4,2.5
252,1486,2015,86.0,4,3.25
253,2088,2018,70.0,4,3.0
254,2088,2018,70.0,4,3.0
255,2084,2018,70.0,4,3.5
256,233,2008,71.0,2,3.0
257,256,2008,70.0,2,3.0
258,233,2008,75.0,2,3.5
259,233,2008,68.0,2,3.75
260,414,2009,75.0,2,3.0
261,423,2009,75.0,2,3.25
262,414,2009,65.0,2,3.5
263,431,2009,65.0,2,3.5
264,558,2010,65.0,2,2.75
265,565,2010,70.0,2,3.0
266,565,2010,78.0,2,3.0
267,478,2010,75.0,2,3.25
268,502,2010,70.0,2,3.75
269,963,2012,72.0,3,3.5
270,2108,2018,70.0,2,3.0
271,2114,2018,70.0,2,3.0
272,2114,2018,70.0,2,3.25
273,2422,2019,70.0,2,2.75
274,256,2008,70.0,3,2.75
275,256,2008,70.0,3,2.75
276,256,2008,70.0,3,3.0
277,2574,2021,70.0,4,3.75
278,1331,2014,70.0,4,2.75
279,2590,2021,72.0,3,3.25
280,2590,2021,72.0,3,3.25
281,322,2009,72.0,4,2.75
282,1046,2013,82.0,4,3.5
283,911,2012,70.0,3,3.5
284,911,2012,70.0,3,3.75
285,1752,2016,75.0,2,2.75
286,1756,2016,75.0,2,3.0
287,1740,2016,82.0,2,3.5
288,1752,2016,75.0,2,3.5
289,1996,2017,70.0,3,2.75
290,2290,2019,68.0,2,2.5
291,2290,2019,72.0,2,2.75
292,2290,2019,74.0,2,3.25
293,81,2006,100.0,,1.5
294,81,2006,75.0,3,3.0
295,24,2006,75.0,3,3.75
296,32,2006,75.0,3,3.75
297,75,2006,75.0,3,3.75
298,48,2006,75.0,3,4.0
299,81,2006,75.0,3,4.0
300,123,2007,75.0,3,2.5
301,199,2008,75.0,3,4.0
302,336,2009,75.0,3,2.75
303,331,2009,75.0,3,3.0
304,336,2009,75.0,3,3.0
305,395,2009,75.0,3,3.0
306,761,2011,75.0,3,3.25
307,629,2011,75.0,3,3.5
308,629,2011,75.0,3,3.5
309,629,2011,75.0,3,3.5
310,672,2011,75.0,3,3.5
311,629,2011,75.0,3,3.75
312,629,2011,75.0,3,4.0
313,629,2011,75.0,3,4.0
314,1042,2013,75.0,3,3.25
315,1038,2013,75.0,3,3.5
316,1418,2014,75.0,3,3.25
317,1418,2014,65.0,3,3.75
318,1339,2014,75.0,3,4.0
319,1912,2016,75.0,3,3.5
320,2246,2018,75.0,3,4.0
321,2250,2018,75.0,3,4.0
322,2554,2021,75.0,3,3.75
323,341,2009,100.0,,1.5
324,316,2009,77.0,2,3.25
325,1267,2014,70.0,,2.75
326,1271,2014,70.0,,2.75
327,2254,2018,75.0,3,3.5
328,2194,2018,70.0,3,3.75
329,2096,2018,70.0,3,4.0
330,2542,2021,62.0,3,3.0
331,1125,2013,72.0,5,3.0
332,1125,2013,70.0,5,3.25
333,1129,2013,75.0,5,3.5
334,1129,2013,85.0,5,3.5
335,1255,2014,70.0,3,3.75
336,1355,2014,70.0,3,4.0
337,1462,2015,68.0,3,3.75
338,1868,2016,70.0,3,3.5
339,1868,2016,70.0,3,3.75
340,1980,2017,70.0,3,3.25
341,1984,2017,75.0,3,3.75
342,1518,2015,80.0,3,2.75
343,1514,2015,60.0,3,3.0
344,1514,2015,80.0,3,3.25
345,1518,2015,80.0,3,3.25
346,1518,2015,60.0,3,3.25
347,1514,2015,70.0,2,3.5
348,1149,2013,70.0,4,3.0
349,1235,2014,68.0,3,2.75
350,1231,2014,72.0,3,3.0
351,1231,2014,70.0,3,3.5
352,1231,2014,72.0,3,3.5
353,1638,2015,70.0,2,3.25
354,1181,2013,68.0,3,2.75
355,2052,2018,70.0,3,2.5
356,2052,2018,70.0,3,3.0
357,1323,2014,60.0,3,2.5
358,1299,2014,72.0,3,3.25
359,1303,2014,72.0,3,3.25
360,1303,2014,72.0,3,3.25
361,1299,2014,72.0,3,3.5
362,2314,2019,70.0,2,3.0
363,2274,2019,70.0,2,3.25
364,2274,2019,70.0,2,3.5
365,2330,2019,70.0,4,3.0
366,2266,2019,70.0,4,3.5
367,2266,2019,70.0,4,3.75
368,1606,2015,70.0,2,2.5
369,600,2010,75.0,2,2.25
370,502,2010,75.0,2,2.5
371,502,2010,75.0,2,2.75
372,1215,2014,75.0,2,2.5
373,141,2007,72.0,5,2.0
374,147,2007,66.0,5,3.0
375,300,2008,75.0,5,2.0
376,586,2010,70.0,5,3.0
377,1716,2016,65.0,5,3.5
378,2226,2018,72.0,2,2.5
379,2230,2018,72.0,2,3.0
380,2226,2018,72.0,2,3.75
381,1391,2014,75.0,2,2.5
382,1391,2014,74.0,2,3.25
383,1391,2014,75.0,2,3.5
384,1395,2014,70.0,2,3.75
385,1668,2015,74.0,2,3.25
386,1692,2015,75.0,2,3.25
387,1688,2015,77.0,2,3.5
388,2238,2018,75.0,2,2.75
389,2278,2019,75.0,2,2.5
390,2278,2019,70.0,2,3.0
391,2076,2018,70.0,2,3.0
392,1434,2014,69.0,4,2.75
393,1434,2014,70.0,4,3.25
394,1430,2014,64.0,4,3.5
395,1430,2014,70.0,4,3.5
396,1662,2015,72.0,3,3.75
397,1816,2016,71.0,3,3.75
398,1816,2016,74.0,3,3.75
399,1860,2016,70.0,4,3.5
400,641,2011,72.0,2,3.0
401,647,2011,65.0,2,3.25
402,641,2011,66.0,2,3.75
403,991,2012,72.0,2,3.75
404,336,2009,70.0,4,4.0
405,346,2009,70.0,4,4.0
406,537,2010,71.0,4,3.25
407,508,2010,71.0,4,3.5
408,537,2010,71.0,4,3.5
409,537,2010,77.0,4,3.5
410,523,2010,71.0,4,3.75
411,523,2010,71.0,4,4.0
412,1908,2016,70.0,4,3.5
413,2510,2020,72.0,4,2.75
414,2510,2020,72.0,4,2.75
415,2510,2020,72.0,4,3.0
416,1684,2015,70.0,2,3.0
417,1684,2015,70.0,2,3.25
418,1684,2015,70.0,2,3.5
419,2084,2018,70.0,,3.0
420,2084,2018,70.0,,3.25
421,2084,2018,70.0,,3.5
422,2610,2021,70.0,2,3.5
423,2614,2021,70.0,2,3.5
424,2614,2021,80.0,2,3.5
425,2610,2021,70.0,2,4.0
426,259,2008,91.0,4,1.5
427,245,2008,82.0,4,2.5
428,237,2008,63.0,4,3.5
429,237,2008,71.0,4,3.5
430,141,2007,70.0,,1.0
431,296,2008,60.0,,2.75
432,749,2011,78.0,2,2.25
433,765,2011,70.0,2,2.5
434,809,2012,80.0,2,3.0
435,1185,2013,100.0,1,3.5
436,1442,2014,75.0,2,2.5
437,1442,2014,72.0,2,3.0
438,1442,2014,70.0,2,3.5
439,1804,2016,75.0,3,2.5
440,1804,2016,73.0,3,2.75
441,1804,2016,70.0,3,3.0
442,1808,2016,75.0,3,3.0
443,1808,2016,70.0,3,3.25
444,2558,2021,70.0,4,3.25
445,2558,2021,70.0,4,3.25
446,2558,2021,70.0,4,3.5
447,2558,2021,70.0,4,3.75
448,237,2008,77.0,4,2.0
449,237,2008,77.0,4,2.5
450,245,2008,77.0,4,2.75
451,266,2008,55.0,4,3.0
452,269,2008,55.0,4,3.25
453,269,2008,55.0,4,3.5
454,1263,2014,70.0,3,3.5
455,1263,2014,70.0,3,3.75
456,2626,2021,70.0,3,3.0
457,2626,2021,70.0,3,3.25
458,2630,2021,70.0,3,3.25
459,2630,2021,70.0,3,3.25
460,845,2012,80.0,2,2.75
461,841,2012,72.0,2,3.0
462,1586,2015,72.0,2,3.25
463,1582,2015,72.0,3,3.5
464,1586,2015,72.0,2,3.5
465,1884,2016,65.0,3,3.0
466,1888,2016,65.0,3,3.25
467,1888,2016,65.0,3,3.25
468,1888,2016,65.0,3,3.5
469,1888,2016,65.0,3,3.5
470,2154,2018,75.0,2,2.0
471,2394,2019,71.0,2,3.0
472,2402,2019,65.0,2,3.25
473,1105,2013,70.0,3,2.5
474,1153,2013,70.0,3,2.75
475,1101,2013,70.0,3,3.0
476,1153,2013,72.0,3,3.0
477,1105,2013,70.0,3,3.25
478,1109,2013,72.0,3,3.25
479,1101,2013,73.0,2,3.5
480,1407,2014,70.0,3,2.75
481,1347,2014,72.0,3,3.5
482,1371,2014,76.0,3,3.5
483,1570,2015,72.0,3,3.5
484,1574,2015,72.0,3,3.5
485,1570,2015,70.0,3,3.75
486,1724,2016,72.0,3,4.0
487,1956,2017,70.0,2,3.25
488,2354,2019,70.0,3,3.5
489,2314,2019,70.0,3,3.75
490,2554,2021,70.0,3,4.0
491,2688,2021,72.0,3,4.0
492,1247,2014,70.0,3,2.5
493,1247,2014,70.0,3,2.75
494,1251,2014,70.0,3,2.75
495,1251,2014,70.0,3,3.0
496,404,2009,72.0,,2.75
497,1426,2014,70.0,3,2.75
498,2672,2021,70.0,3,3.0
499,2676,2021,70.0,3,3.0
500,2676,2021,72.0,3,3.25
501,2028,2017,74.0,2,3.0
502,2238,2018,68.0,3,3.5
503,1900,2016,70.0,3,3.25
504,252,2008,75.0,3,3.0
505,486,2010,55.0,3,2.75
506,1235,2014,70.0,3,3.5
507,2202,2018,72.0,3,3.0
508,2422,2019,72.0,3,3.5
509,2668,2021,83.0,3,3.25
510,2668,2021,69.0,3,3.25
511,672,2011,70.0,,3.5
512,1454,2015,70.0,3,3.25
513,1407,2014,75.0,2,3.0
514,1407,2014,82.0,2,3.25
515,1696,2015,70.0,2,2.75
516,1696,2015,70.0,2,3.5
517,2298,2019,72.0,3,2.5
518,2298,2019,71.0,3,3.25
519,1482,2015,65.0,2,2.5
520,1514,2015,80.0,2,2.5
521,1482,2015,65.0,2,2.75
522,2442,2019,74.0,2,3.0
523,647,2011,70.0,2,3.75
524,647,2011,68.0,2,3.75
525,1772,2016,90.0,2,2.5
526,1772,2016,80.0,2,2.5
527,1760,2016,70.0,2,2.5
528,1760,2016,70.0,2,2.75
529,1768,2016,80.0,2,2.75
530,1764,2016,60.0,2,3.0
531,1764,2016,75.0,2,3.0
532,1764,2016,80.0,2,3.0
533,1764,2016,70.0,2,3.25
534,1259,2014,74.0,3,2.75
535,1530,2015,75.0,3,3.25
536,1530,2015,68.0,3,3.5
537,1530,2015,80.0,3,3.75
538,919,2012,82.0,3,2.5
539,919,2012,68.0,3,2.75
540,919,2012,72.0,3,3.25
541,1121,2013,70.0,2,3.75
542,1582,2015,69.0,3,3.75
543,1582,2015,80.0,2,3.75
544,2700,2021,70.0,3,2.75
545,2134,2018,72.0,3,3.25
546,2294,2019,70.0,3,3.0
547,1219,2014,70.0,4,2.5
548,2080,2018,63.0,3,2.5
549,2080,2018,76.0,2,2.75
550,2080,2018,70.0,2,2.75
551,1454,2015,77.0,,3.0
552,682,2011,65.0,,3.25
553,1832,2016,75.0,3,3.25
554,2594,2021,70.0,2,3.25
555,2598,2021,73.0,2,3.25
556,2594,2021,70.0,2,3.5
557,117,2007,71.0,4,2.5
558,117,2007,71.0,4,2.5
559,117,2007,70.0,4,3.0
560,209,2008,71.0,4,3.5
561,439,2009,60.0,4,3.25
562,439,2009,75.0,4,3.25
563,478,2010,71.0,4,3.25
564,478,2010,71.0,4,3.5
565,1522,2015,65.0,2,2.5
566,1522,2015,75.0,2,2.5
567,377,2009,80.0,4,2.5
568,377,2009,70.0,4,2.75
569,377,2009,70.0,4,3.0
570,377,2009,80.0,4,3.0
571,377,2009,70.0,4,3.0
572,2534,2020,70.0,2,3.5
573,2514,2020,75.0,2,3.75
574,2534,2020,70.0,2,3.75
575,2514,2020,67.0,2,4.0
576,2638,2021,75.0,2,3.5
577,2638,2021,75.0,2,3.75
578,1149,2013,42.0,4,2.75
579,2250,2018,70.0,2,2.75
580,2226,2018,75.0,3,3.75
581,2314,2019,72.0,3,3.0
582,2310,2019,70.0,3,3.25
583,2310,2019,73.0,3,3.5
584,2310,2019,72.0,3,3.5
585,2306,2019,72.0,3,3.75
586,2310,2019,70.0,3,4.0
587,666,2011,68.0,,3.75
588,445,2009,61.0,5,3.0
589,486,2010,77.0,3,2.75
590,252,2008,100.0,,1.0
591,209,2008,80.0,3,3.0
592,227,2008,75.0,3,3.75
593,470,2010,73.5,2,3.75
594,2630,2021,70.0,3,3.5
595,2630,2021,79.0,3,3.5
596,1486,2015,73.0,2,3.5
597,2474,2020,70.0,3,3.5
598,2402,2019,70.0,4,2.25
599,2606,2021,68.0,3,3.0
600,2606,2021,77.0,2,3.25
601,2606,2021,70.0,3,3.25
602,292,2008,80.0,,2.75
603,296,2008,88.0,,2.75
604,292,2008,72.0,,3.25
605,292,2008,70.0,,3.75
606,579,2010,70.0,,3.25
607,1630,2015,76.0,2,3.5
608,1916,2016,78.0,2,2.75
609,2688,2021,70.0,3,2.5
610,2688,2021,70.0,3,2.5
611,2684,2021,68.0,3,3.25
612,2688,2021,75.0,3,3.5
613,196,2007,72.0,3,3.0
614,220,2008,72.0,3,3.0
615,220,2008,72.0,3,3.0
616,341,2009,72.0,3,3.0
617,445,2009,62.0,3,3.25
618,451,2009,70.0,3,3.5
619,451,2009,70.0,3,3.75
620,558,2010,72.0,3,2.5
621,478,2010,70.0,3,3.0
622,558,2010,72.0,3,3.0
623,470,2010,72.0,3,3.25
624,558,2010,72.0,3,3.25
625,558,2010,72.0,3,3.25
626,817,2012,100.0,,1.5
627,813,2012,85.0,3,3.5
628,959,2012,70.0,3,3.5
629,821,2012,72.0,3,3.75
630,1169,2013,65.0,4,3.25
631,1984,2017,75.0,3,3.75
632,48,2006,70.0,,1.0
633,971,2012,75.0,3,3.25
634,975,2012,65.0,3,3.25
635,975,2012,67.0,3,3.25
636,975,2012,64.0,3,3.25
637,975,2012,75.0,3,3.5
638,1283,2014,70.0,3,2.5
639,1335,2014,83.0,3,2.75
640,1736,2016,85.0,3,3.25
641,1736,2016,73.0,3,3.75
642,2466,2020,70.0,2,3.25
643,2466,2020,70.0,2,3.25
644,2502,2020,70.0,2,3.25
645,2466,2020,70.0,2,3.5
646,2656,2021,70.0,2,3.75
647,2526,2020,70.0,3,3.25
648,2522,2020,70.0,3,3.5
649,2522,2020,75.0,3,3.5
650,2526,2020,70.0,3,3.5
651,2622,2021,73.0,2,3.75
652,785,2011,70.0,5,3.25
653,1654,2015,70.0,3,2.75
654,1928,2017,72.0,2,2.75
655,1666,2015,70.0,3,2.25
656,1666,2015,70.0,3,2.75
657,1610,2015,70.0,3,3.0
658,1610,2015,70.0,3,3.5
659,2064,2018,65.0,4,2.5
660,2574,2021,68.0,4,2.5
661,2574,2021,72.0,4,3.0
662,2574,2021,72.0,4,3.5
663,805,2012,70.0,2,3.0
664,805,2012,70.0,2,3.25
665,915,2012,70.0,2,3.75
666,1026,2013,70.0,2,2.75
667,1026,2013,70.0,2,3.25
668,1085,2013,70.0,2,3.5
669,1153,2013,70.0,2,3.5
670,1303,2014,70.0,2,2.75
671,1219,2014,70.0,2,3.5
672,1295,2014,70.0,2,3.5
673,1387,2014,70.0,2,3.75
674,1446,2015,70.0,2,3.0
675,1816,2016,70.0,2,3.75
676,2024,2017,70.0,2,3.0
677,2178,2018,70.0,2,3.0
678,2178,2018,70.0,2,3.25
679,2178,2018,70.0,2,3.5
680,2386,2019,70.0,2,3.5
681,2602,2021,70.0,2,2.75
682,2602,2021,70.0,2,2.75
683,2550,2021,70.0,2,3.25
684,2602,2021,70.0,2,3.25
685,2546,2021,70.0,2,3.5
686,2550,2021,70.0,2,3.5
687,2546,2021,70.0,2,4.0
688,654,2011,70.0,2,3.25
689,654,2011,70.0,2,3.25
690,654,2011,70.0,2,3.25
691,2550,2021,70.0,2,3.0
692,423,2009,75.0,4,3.0
693,423,2009,60.0,4,3.25
694,661,2011,60.0,4,3.5
695,987,2012,75.0,4,3.0
696,991,2012,70.0,2,3.25
697,987,2012,70.0,2,3.75
698,987,2012,70.0,2,3.75
699,987,2012,70.0,2,4.0
700,1223,2014,82.0,4,3.25
701,1920,2016,72.0,2,2.75
702,1920,2016,72.0,2,3.0
703,1920,2016,70.0,2,3.25
704,2342,2019,72.0,4,3.0
705,2342,2019,70.0,4,3.25
706,1550,2015,70.0,3,3.0
707,1554,2015,70.0,3,3.0
708,1550,2015,70.0,3,3.25
709,1554,2015,70.0,3,3.25
710,1708,2016,75.0,3,3.25
711,907,2012,58.0,4,3.25
712,1093,2013,70.0,4,2.5
713,1093,2013,70.0,4,2.75
714,1093,2013,70.0,4,2.75
715,1462,2015,72.0,3,3.5
716,1462,2015,65.0,3,3.5
717,1832,2016,70.0,3,2.5
718,1832,2016,70.0,3,3.0
719,170,2007,66.0,4,2.5
720,175,2007,64.0,4,3.0
721,175,2007,71.0,4,3.0
722,175,2007,60.0,4,3.0
723,180,2007,64.0,4,3.0
724,180,2007,64.0,4,3.0
725,263,2008,66.0,4,3.75
726,423,2009,64.0,4,3.0
727,2222,2018,70.0,2,2.5
728,2222,2018,70.0,2,2.5
729,2222,2018,80.0,2,3.0
730,1916,2016,72.0,2,2.5
731,2422,2019,72.0,2,3.0
732,166,2007,77.0,2,3.5
733,166,2007,77.0,2,3.5
734,241,2008,80.0,2,2.75
735,661,2011,80.0,2,2.75
736,682,2011,75.0,2,2.75
737,769,2011,74.0,2,3.0
738,769,2011,70.0,2,3.25
739,895,2012,75.0,2,2.75
740,1034,2013,70.0,2,3.25
741,1193,2013,76.0,2,3.5
742,1235,2014,74.0,2,3.5
743,1634,2015,70.0,2,3.75
744,1864,2016,78.0,2,3.5
745,1952,2017,70.0,2,3.75
746,1972,2017,75.0,2,3.75
747,2016,2017,72.0,2,4.0
748,2258,2018,80.0,2,3.75
749,2434,2019,72.0,2,3.75
750,2270,2019,72.0,2,4.0
751,2466,2020,73.0,2,3.5
752,2554,2021,75.0,2,3.75
753,2656,2021,72.0,2,4.0
754,2406,2019,75.0,4,2.5
755,2402,2019,70.0,4,2.75
756,2402,2019,65.0,4,3.0
757,2406,2019,75.0,4,3.0
758,1371,2014,72.0,3,3.25
759,1371,2014,72.0,3,3.25
760,1407,2014,72.0,3,3.5
761,1688,2015,85.0,3,3.0
762,311,2009,70.0,,3.75
763,63,2006,70.0,3,1.5
764,304,2008,88.0,3,3.0
765,87,2006,70.0,2,3.0
766,87,2006,70.0,2,3.25
767,87,2006,70.0,2,3.5
768,129,2007,75.0,2,3.25
769,135,2007,60.0,2,3.25
770,135,2007,70.0,2,3.5
771,192,2007,70.0,2,3.5
772,192,2007,70.0,2,3.75
773,111,2007,70.0,2,4.0
774,192,2007,70.0,2,4.0
775,192,2007,70.0,2,4.0
776,227,2008,70.0,2,3.0
777,272,2008,70.0,2,3.0
778,272,2008,78.0,2,3.5
779,272,2008,70.0,2,3.75
780,470,2010,70.0,2,3.0
781,693,2011,70.0,2,3.5
782,863,2012,70.0,2,3.5
783,863,2012,70.0,2,3.75
784,1109,2013,100.0,,3.0
785,1672,2015,70.0,2,3.75
786,1672,2015,70.0,2,3.75
787,2040,2018,70.0,2,4.0
788,1672,2015,70.0,3,2.5
789,1676,2015,80.0,3,2.75
790,1676,2015,77.0,3,2.75
791,1880,2016,75.0,3,2.75
792,2052,2018,71.5,3,2.75
793,2052,2018,72.0,3,3.5
794,2096,2018,80.0,2,3.5
795,2696,2021,78.0,3,3.25
796,2390,2019,75.0,2,2.5
797,2390,2019,70.0,2,2.75
798,2390,2019,75.0,2,3.0
799,523,2010,70.0,3,2.5
800,516,2010,70.0,3,3.5
801,516,2010,72.0,3,3.75
802,523,2010,70.0,3,3.75
803,697,2011,72.0,3,3.0
804,697,2011,71.0,3,3.25
805,661,2011,65.0,3,3.5
806,765,2011,71.0,3,3.5
807,623,2011,72.0,3,3.75
808,923,2012,72.0,3,3.75
809,1331,2014,70.0,4,3.5
810,1331,2014,76.0,4,3.75
811,1662,2015,70.0,4,4.0
812,1964,2017,70.0,4,2.75
813,2100,2018,80.0,4,3.25
814,2366,2019,70.0,4,3.5
815,2648,2021,70.0,4,3.5
816,1506,2015,70.0,2,3.25
817,841,2012,82.0,,2.75
818,1630,2015,70.0,3,3.25
819,1630,2015,70.0,3,3.25
820,1626,2015,70.0,3,3.5
821,1626,2015,70.0,3,3.5
822,1630,2015,70.0,3,4.0
823,2040,2018,70.0,3,4.0
824,1343,2014,70.0,3,3.25
825,1343,2014,70.0,3,3.5
826,1343,2014,70.0,3,3.75
827,1812,2016,70.0,3,3.25
828,1812,2016,70.0,3,3.25
829,919,2012,72.0,3,2.75
830,2358,2019,80.0,2,3.5
831,1876,2016,68.0,2,3.0
832,2534,2020,70.0,2,3.0
833,2534,2020,70.0,2,3.0
834,252,2008,71.0,4,2.75
835,709,2011,75.0,4,3.75
836,32,2006,70.0,5,2.75
837,206,2008,74.0,5,2.5
838,206,2008,58.0,5,2.5
839,206,2008,61.0,5,3.0
840,439,2009,60.5,5,2.75
841,439,2009,70.0,5,3.0
842,1662,2015,70.0,5,3.75
843,2382,2019,70.0,3,3.5
844,1137,2013,60.0,2,2.75
845,1137,2013,70.0,2,3.25
846,1450,2015,79.0,3,3.0
847,1454,2015,78.0,3,3.5
848,2114,2018,70.0,2,3.25
849,2108,2018,70.0,2,3.5
850,2108,2018,70.0,2,3.5
851,2118,2018,70.0,2,3.5
852,1916,2016,75.0,2,3.25
853,2198,2018,72.0,2,3.0
854,2350,2019,70.0,3,2.5
855,2350,2019,80.0,3,3.0
856,2350,2019,72.0,3,3.5
857,565,2010,80.0,,3.25
858,1209,2014,80.0,3,3.0
859,1205,2014,70.0,3,3.25
860,1209,2014,74.0,3,3.25
861,252,2008,72.0,4,3.0
862,414,2009,65.0,4,2.0
863,431,2009,74.0,4,2.75
864,423,2009,81.0,4,3.5
865,903,2012,70.0,4,2.75
866,2570,2021,65.0,3,3.0
867,2570,2021,70.0,2,3.5
868,666,2011,55.0,4,2.5
869,666,2011,55.0,4,2.5
870,666,2011,70.0,4,2.5
871,672,2011,62.0,4,2.5
872,666,2011,62.0,4,2.75
873,1275,2014,80.0,3,3.0
874,1275,2014,80.0,3,3.5
875,1275,2014,80.0,3,3.75
876,2142,2018,80.0,3,3.5
877,2664,2021,70.0,3,3.0
878,2450,2019,73.0,3,3.0
879,565,2010,75.0,2,2.75
880,1736,2016,76.0,2,2.5
881,1736,2016,76.0,2,2.75
882,1732,2016,76.0,2,3.0
883,105,2006,62.0,5,2.0
884,48,2006,64.0,5,3.0
885,48,2006,65.0,5,3.0
886,105,2006,74.0,5,3.0
887,48,2006,72.0,5,3.5
888,56,2006,68.0,5,4.0
889,494,2010,58.0,5,3.5
890,1283,2014,65.0,3,2.25
891,1287,2014,85.0,3,2.5
892,1283,2014,80.0,3,3.0
893,1283,2014,70.0,3,3.25
894,2474,2020,70.0,3,2.75
895,2482,2020,70.0,3,2.75
896,2478,2020,70.0,3,3.0
897,2486,2020,70.0,3,3.25
898,2398,2019,73.0,4,3.25
899,2394,2019,72.0,4,3.5
900,2398,2019,69.0,4,3.5
901,2398,2019,72.0,4,3.75
902,2154,2018,75.0,2,2.75
903,2154,2018,75.0,2,2.75
904,2154,2018,75.0,2,3.0
905,2150,2018,75.0,2,3.5
906,2202,2018,70.0,3,3.0
907,2206,2018,68.0,3,3.5
908,2206,2018,70.0,3,3.5
909,1267,2014,72.0,3,2.75
910,1776,2016,70.0,6,2.75
911,1776,2016,80.0,6,2.75
912,1772,2016,70.0,2,2.75
913,1776,2016,75.0,2,3.5
914,1776,2016,67.0,2,3.75
915,2076,2018,72.0,2,2.75
916,2072,2018,70.0,2,3.0
917,2072,2018,70.0,2,3.0
918,2072,2018,70.0,2,3.25
919,2072,2018,68.0,2,3.5
920,2430,2019,70.0,2,3.0
921,2430,2019,70.0,2,3.5
922,2712,2021,72.0,2,3.5
923,2712,2021,72.0,2,3.5
924,2318,2019,70.0,2,3.0
925,2322,2019,70.0,2,3.0
926,2322,2019,70.0,2,3.0
927,2322,2019,70.0,2,3.0
928,2318,2019,70.0,2,3.25
929,2322,2019,70.0,2,3.75
930,2326,2019,70.0,2,3.75
931,915,2012,60.0,3,3.5
932,911,2012,70.0,3,3.75
933,1355,2014,70.0,3,3.5
934,1355,2014,70.0,3,3.75
935,2044,2018,60.0,4,2.5
936,2100,2018,70.0,3,3.0
937,2122,2018,85.0,2,3.0
938,2100,2018,70.0,3,3.25
939,2118,2018,72.0,2,3.5
940,1351,2014,60.0,4,3.5
941,1351,2014,65.0,4,3.5
942,1542,2015,80.0,4,3.0
943,1538,2015,70.0,4,3.5
944,1538,2015,75.0,4,3.5
945,781,2011,70.0,2,3.5
946,785,2011,65.0,2,3.5
947,887,2012,81.0,2,2.0
948,883,2012,70.0,2,2.5
949,883,2012,66.0,2,3.5
950,1042,2013,66.0,2,3.5
951,1209,2014,80.0,2,3.0
952,1295,2014,68.0,2,3.25
953,1634,2015,73.0,2,3.5
954,1940,2017,70.0,2,3.5
955,2430,2019,71.0,3,3.25
956,370,2009,80.0,3,2.75
957,370,2009,70.0,3,3.0
958,370,2009,70.0,3,3.25
959,370,2009,65.0,3,3.5
960,636,2011,74.0,3,2.75
961,682,2011,74.0,3,2.75
962,688,2011,74.0,3,3.0
963,642,2011,70.0,3,3.25
964,682,2011,72.0,3,3.25
965,745,2011,76.0,3,3.25
966,642,2011,72.0,3,3.5
967,642,2011,70.0,3,3.5
968,745,2011,70.0,3,4.0
969,931,2012,69.0,2,3.0
970,899,2012,69.0,2,3.5
971,899,2012,69.0,2,3.5
972,915,2012,74.0,3,4.0
973,927,2012,69.0,2,4.0
974,1030,2013,72.0,3,3.25
975,1081,2013,72.0,3,3.75
976,1117,2013,70.0,3,3.75
977,1149,2013,70.0,3,4.0
978,1383,2014,70.0,3,3.0
979,1383,2014,70.0,3,3.5
980,1383,2014,70.0,3,3.5
981,1387,2014,70.0,3,3.5
982,2024,2017,70.0,3,3.5
983,2028,2017,70.0,3,3.5
984,2024,2017,70.0,3,3.75
985,2174,2018,72.0,3,3.25
986,2174,2018,72.0,3,3.5
987,2708,2021,74.0,3,3.0
988,2642,2021,68.0,3,3.25
989,2708,2021,74.0,3,3.25
990,2642,2021,68.0,3,3.5
991,2644,2021,70.0,3,3.5
992,2704,2021,70.0,3,3.5
993,2644,2021,70.0,3,3.75
994,2644,2021,68.0,3,4.0
995,2000,2017,70.0,2,3.5
996,2000,2017,70.0,2,3.75
997,1375,2014,70.0,2,3.5
998,1375,2014,70.0,2,3.5
999,1375,2014,70.0,2,4.0
1000,1912,2016,70.0,2,3.5
1001,1956,2017,70.0,3,3.75
1002,2126,2018,60.0,3,3.0
1003,2130,2018,70.0,3,3.0
1004,2126,2018,70.0,3,3.25
1005,2134,2018,70.0,3,3.25
1006,2122,2018,68.0,3,3.5
1007,2130,2018,70.0,3,3.5
1008,2122,2018,70.0,3,3.75
1009,2126,2018,70.0,3,3.75
1010,2130,2018,70.0,3,3.75
1011,2126,2018,70.0,3,4.0
1012,2130,2018,70.0,3,4.0
1013,623,2011,70.0,3,3.25
1014,623,2011,70.0,3,3.5
1015,623,2011,70.0,3,3.5
1016,895,2012,70.0,3,3.25
1017,899,2012,70.0,3,3.25
1018,899,2012,70.0,3,3.25
1019,923,2012,70.0,3,3.75
1020,1034,2013,70.0,3,3.25
1021,1034,2013,70.0,3,3.5
1022,1259,2014,70.0,3,3.5
1023,1680,2015,60.0,3,3.0
1024,1680,2015,85.0,3,3.25
1025,781,2011,70.0,3,3.0
1026,753,2011,66.0,3,3.25
1027,863,2012,70.0,3,2.5
1028,1185,2013,75.0,3,3.0
1029,1046,2013,70.0,3,3.75
1030,1359,2014,76.0,3,3.0
1031,1347,2014,70.0,3,3.75
1032,1780,2016,74.0,2,3.75
1033,1780,2016,74.0,2,4.0
1034,2366,2019,85.0,2,3.5
1035,2278,2019,74.0,2,3.75
1036,2550,2021,77.0,2,3.25
1037,2554,2021,68.0,4,3.75
1038,2664,2021,72.0,3,3.75
1039,2174,2018,70.0,3,2.5
1040,2190,2018,70.0,2,3.0
1041,2202,2018,70.0,2,3.0
1042,2202,2018,70.0,3,3.5
1043,1367,2014,85.0,3,2.5
1044,1642,2015,65.0,4,3.25
1045,1646,2015,70.0,4,3.5
1046,1646,2015,80.0,4,3.5
1047,1646,2015,75.0,4,3.5
1048,1642,2015,70.0,4,4.0
1049,2012,2017,77.0,3,3.5
1050,2012,2017,75.0,3,3.5
1051,2096,2018,72.0,3,2.75
1052,2282,2019,75.0,3,2.75
1053,1672,2015,66.0,2,3.0
1054,1848,2016,70.0,2,3.5
1055,1924,2016,77.0,3,2.75
1056,1924,2016,77.0,3,3.25
1057,1924,2016,77.0,3,3.25
1058,2032,2017,70.0,3,3.25
1059,2446,2019,73.0,3,2.5
1060,2446,2019,73.0,3,3.0
1061,2602,2021,70.0,3,3.75
1062,2194,2018,70.0,2,2.75
1063,2642,2021,70.0,2,3.0
1064,2642,2021,70.0,2,3.25
1065,2644,2021,70.0,2,3.25
1066,741,2011,72.0,5,3.0
1067,2692,2021,72.0,3,3.5
1068,2692,2021,70.0,3,3.5
1069,2692,2021,75.0,3,3.5
1070,2696,2021,73.0,3,3.5
1071,15,2006,70.0,5,2.5
1072,1896,2016,70.0,2,3.5
1073,2382,2019,73.0,2,2.5
1074,2696,2021,70.0,3,3.0
1075,241,2008,71.0,5,2.5
1076,363,2009,60.0,5,2.75
1077,494,2010,82.0,5,3.25
1078,355,2009,64.0,4,3.0
1079,355,2009,64.0,4,3.0
1080,355,2009,64.0,4,3.0
1081,355,2009,76.0,4,3.0
1082,355,2009,64.0,4,3.25
1083,2060,2018,70.0,4,2.75
1084,87,2006,65.0,5,2.5
1085,15,2006,65.0,5,3.0
1086,99,2006,61.0,5,3.0
1087,87,2006,65.0,5,3.5
1088,93,2006,65.0,5,3.5
1089,93,2006,61.0,5,3.5
1090,147,2007,72.0,5,3.5
1091,259,2008,65.0,5,3.0
1092,276,2008,64.0,5,3.0
1093,276,2008,65.0,5,3.5
1094,316,2009,55.0,5,3.0
1095,387,2009,91.0,5,3.0
1096,387,2009,70.0,5,3.5
1097,552,2010,65.0,5,3.0
1098,654,2011,72.0,5,2.75
1099,654,2011,61.0,5,3.25
1100,654,2011,72.0,5,3.25
1101,1053,2013,65.0,5,2.75
1102,1053,2013,65.0,5,2.75
1103,1053,2013,65.0,5,3.25
1104,1053,2013,65.0,5,3.5
1105,1602,2015,70.0,5,3.75
1106,1205,2014,100.0,,2.0
1107,1197,2014,80.0,3,2.75
1108,1197,2014,74.0,3,2.75
1109,1201,2014,65.0,3,2.75
1110,1201,2014,70.0,3,3.0
1111,1201,2014,80.0,3,3.0
1112,1197,2014,75.0,3,3.25
1113,1201,2014,66.0,3,3.25
1114,1197,2014,70.0,3,3.5
1115,166,2007,77.0,4,2.5
1116,1327,2014,55.0,4,2.75
1117,1327,2014,70.0,4,3.0
1118,701,2011,70.0,,3.0
1119,1696,2015,67.0,3,3.0
1120,1700,2015,77.0,3,3.5
1121,1700,2015,74.0,3,3.5
1122,1808,2016,85.0,3,3.25
1123,2040,2018,75.0,3,3.0
1124,2330,2019,70.0,3,3.0
1125,2270,2019,70.0,3,3.25
1126,2382,2019,65.0,3,2.75
1127,2378,2019,72.0,3,3.25
1128,2378,2019,70.0,3,3.5
1129,2606,2021,70.0,2,3.5
1130,1876,2016,64.0,3,2.75
1131,2302,2019,71.0,4,2.5
1132,2306,2019,71.0,4,2.5
1133,2302,2019,71.0,4,3.0
1134,1748,2016,70.0,3,3.25
1135,1748,2016,74.0,3,3.5
1136,1243,2014,67.0,3,3.0
1137,1239,2014,67.0,3,3.5
1138,1243,2014,67.0,3,3.75
1139,1243,2014,67.0,3,3.75
1140,1744,2016,72.0,3,3.5
1141,1744,2016,70.0,3,3.5
1142,1748,2016,77.0,3,3.5
1143,1744,2016,68.0,3,3.75
1144,1744,2016,72.0,3,4.0
1145,1458,2015,57.0,3,2.75
1146,1462,2015,74.0,3,3.5
1147,2614,2021,70.0,2,2.75
1148,2614,2021,70.0,2,3.25
1149,1546,2015,70.0,2,2.75
1150,1546,2015,74.0,2,3.0
1151,1546,2015,70.0,2,3.0
1152,1550,2015,73.0,2,3.25
1153,1550,2015,70.0,2,3.25
1154,2150,2018,70.0,2,2.25
1155,2146,2018,73.0,2,2.5
1156,2150,2018,74.0,2,2.75
1157,2150,2018,70.0,2,3.0
1158,2146,2018,71.0,2,3.5
1159,1712,2016,70.0,3,2.75
1160,1712,2016,72.0,3,2.75
1161,1712,2016,75.0,3,3.25
1162,1712,2016,66.0,3,3.5
1163,2426,2019,68.0,3,3.25
1164,2450,2019,85.0,3,3.5
1165,414,2009,80.0,4,2.0
1166,414,2009,80.0,2,2.5
1167,414,2009,72.0,2,3.0
1168,414,2009,58.0,4,3.25
1169,414,2009,58.0,4,3.5
1170,431,2009,70.0,2,2.5
1171,431,2009,70.0,2,2.75
1172,431,2009,70.0,2,3.5
1173,431,2009,75.0,2,3.75
1174,1466,2015,70.0,4,3.5
1175,1466,2015,70.0,4,3.5
1176,1466,2015,70.0,4,3.5
1177,1466,2015,70.0,4,3.5
1178,1872,2016,70.0,4,2.75
1179,1327,2014,72.0,2,2.5
1180,1113,2013,100.0,,1.75
1181,1030,2013,70.0,2,4.0
1182,1654,2015,70.0,2,2.75
1183,2134,2018,75.0,4,2.75
1184,2386,2019,72.0,4,3.0
1185,2386,2019,80.0,4,3.0
1186,296,2008,80.0,,2.5
1187,296,2008,75.0,4,2.75
1188,245,2008,72.0,3,3.0
1189,300,2008,72.0,4,3.0
1190,552,2010,70.0,,2.75
1191,600,2010,70.0,4,2.75
1192,552,2010,70.0,,3.0
1193,623,2011,80.0,4,3.0
1194,623,2011,65.0,4,3.0
1195,623,2011,65.0,4,3.25
1196,809,2012,66.0,4,3.5
1197,1113,2013,100.0,1,2.5
1198,1109,2013,100.0,,2.75
1199,1113,2013,100.0,,2.75
1200,1038,2013,75.0,4,3.0
1201,1065,2013,90.0,2,3.0
1202,1065,2013,72.0,4,3.0
1203,1038,2013,80.0,4,3.5
1204,1065,2013,82.0,2,3.5
1205,1097,2013,70.0,3,3.25
1206,1097,2013,70.0,3,3.75
1207,1307,2014,70.0,3,3.0
1208,1311,2014,70.0,3,3.0
1209,1311,2014,70.0,3,3.0
1210,1387,2014,70.0,3,3.5
1211,1311,2014,70.0,3,3.75
1212,1542,2015,70.0,3,3.5
1213,729,2011,72.0,3,3.25
1214,737,2011,72.0,3,3.5
1215,725,2011,72.0,3,3.75
1216,725,2011,72.0,3,3.75
1217,733,2011,72.0,3,3.75
1218,733,2011,74.0,3,4.0
1219,737,2011,70.0,3,4.0
1220,737,2011,72.0,3,4.0
1221,737,2011,72.0,3,4.0
1222,1085,2013,72.0,3,3.75
1223,1788,2016,61.0,4,2.5
1224,1255,2014,77.0,3,3.0
1225,2008,2017,72.0,3,3.25
1226,943,2012,72.0,4,2.75
1227,943,2012,72.0,4,3.0
1228,1279,2014,72.0,2,2.25
1229,1279,2014,72.0,2,3.25
1230,1279,2014,72.0,2,3.25
1231,1275,2014,72.0,2,3.5
1232,2250,2018,72.0,4,2.75
1233,1546,2015,70.0,2,2.75
1234,1542,2015,70.0,2,3.5
1235,5,2006,71.0,5,2.0
1236,2146,2018,72.0,3,3.25
1237,1976,2017,67.0,4,3.0
1238,1976,2017,75.0,4,3.0
1239,1972,2017,72.0,3,3.5
1240,1976,2017,65.0,4,3.5
1241,1980,2017,70.0,4,3.5
1242,2008,2017,68.0,5,3.5
1243,2008,2017,78.0,4,3.75
1244,2100,2018,66.0,4,3.0
1245,2104,2018,73.0,4,3.25
1246,2104,2018,80.0,4,3.25
1247,1534,2015,63.0,2,2.75
1248,2458,2020,75.0,3,2.75
1249,2218,2018,70.0,3,3.0
1250,2214,2018,70.0,3,3.5
1251,2218,2018,70.0,3,3.5
1252,2218,2018,70.0,3,3.75
1253,1069,2013,82.0,5,3.0
1254,1069,2013,55.0,5,3.25
1255,1073,2013,62.0,5,3.25
1256,1061,2013,70.0,5,3.5
1257,2498,2020,68.0,4,3.75
1258,2498,2020,70.0,3,3.75
1259,2502,2020,67.0,4,3.75
1260,2394,2019,70.0,3,3.0
1261,2454,2019,72.0,4,3.0
1262,2390,2019,71.5,3,3.5
1263,2422,2019,68.0,4,3.75
1264,2454,2019,65.0,4,3.75
1265,2338,2019,75.0,3,3.0
1266,2338,2019,75.0,3,3.0
1267,2334,2019,75.0,3,3.25
1268,387,2009,65.0,,3.75
1269,837,2012,64.0,,2.5
1270,248,2008,85.0,4,2.5
1271,263,2008,75.0,4,2.5
1272,245,2008,75.0,4,2.75
1273,248,2008,85.0,4,2.75
1274,241,2008,70.0,4,3.0
1275,248,2008,85.0,4,3.0
1276,269,2008,85.0,4,3.0
1277,241,2008,70.0,4,3.5
1278,404,2009,70.0,,2.75
1279,423,2009,80.0,,2.75
1280,2708,2021,70.0,3,3.25
1281,2708,2021,70.0,3,3.5
1282,1133,2013,70.0,3,3.75
1283,431,2009,72.0,5,2.0
1284,2478,2020,70.0,3,3.25
1285,1251,2014,60.0,2,3.0
1286,1968,2017,70.0,2,3.0
1287,1968,2017,70.0,2,3.0
1288,2016,2017,70.0,2,3.25
1289,2064,2018,70.0,2,3.0
1290,2068,2018,70.0,2,3.25
1291,2044,2018,70.0,2,3.75
1292,2286,2019,70.0,2,3.0
1293,2282,2019,70.0,2,3.25
1294,1422,2014,72.0,2,2.5
1295,1422,2014,72.0,3,2.75
1296,1422,2014,72.0,3,3.0
1297,1422,2014,72.0,3,3.25
1298,1426,2014,90.0,2,3.25
1299,1426,2014,72.0,3,3.25
1300,1426,2014,72.0,3,3.25
1301,1852,2016,70.0,4,2.75
1302,1840,2016,70.0,4,3.25
1303,1852,2016,70.0,4,3.75
1304,1852,2016,70.0,4,3.75
1305,1359,2014,72.5,5,2.5
1306,1363,2014,72.5,5,2.5
1307,1359,2014,72.5,5,3.0
1308,1363,2014,72.5,5,3.0
1309,451,2009,68.0,5,3.0
1310,431,2009,64.0,5,3.5
1311,597,2010,71.0,5,3.0
1312,576,2010,75.0,5,3.25
1313,576,2010,74.0,5,3.75
1314,682,2011,74.0,5,3.75
1315,891,2012,74.0,5,3.25
1316,927,2012,68.0,5,3.75
1317,891,2012,70.0,5,4.0
1318,2426,2019,68.0,3,3.0
1319,1892,2016,70.0,,2.25
1320,1892,2016,70.0,,2.5
1321,1892,2016,70.0,,3.0
1322,1892,2016,70.0,,3.0
1323,2138,2018,70.0,2,3.0
1324,2138,2018,75.0,2,3.0
1325,2138,2018,70.0,4,3.25
1326,2138,2018,70.0,2,3.25
1327,2254,2018,70.0,2,3.5
1328,2254,2018,70.0,2,3.5
1329,2358,2019,72.0,2,3.5
1330,230,2008,74.0,4,3.5
1331,439,2009,60.0,4,3.0
1332,346,2009,68.0,4,3.25
1333,346,2009,69.0,4,3.5
1334,445,2009,60.0,4,3.75
1335,741,2011,68.0,4,3.5
1336,891,2012,66.0,4,3.5
1337,1121,2013,74.0,4,2.75
1338,1145,2013,60.0,4,3.25
1339,1189,2013,56.0,4,3.25
1340,721,2011,72.0,,2.5
1341,713,2011,60.0,,3.25
1342,2186,2018,70.0,2,3.0
1343,2182,2018,70.0,2,3.5
1344,2186,2018,70.0,2,3.5
1345,1434,2014,70.0,4,2.75
1346,1438,2014,68.0,4,2.75
1347,1590,2015,75.0,4,2.75
1348,1590,2015,75.0,4,2.75
1349,1590,2015,75.0,4,3.0
1350,1594,2015,75.0,4,3.0
1351,1590,2015,75.0,4,3.25
1352,1642,2015,75.0,4,3.25
1353,1638,2015,75.0,4,3.5
1354,1642,2015,75.0,4,3.75
1355,927,2012,70.0,,3.5
1356,327,2009,75.0,,2.5
1357,833,2012,75.0,5,3.0
1358,833,2012,75.0,5,3.0
1359,853,2012,72.0,5,3.0
1360,1784,2016,80.0,2,3.5
1361,2048,2018,71.0,3,3.0
1362,2048,2018,70.0,3,3.25
1363,2048,2018,73.0,3,3.5
1364,1972,2017,74.0,3,3.75
1365,2266,2019,70.0,3,2.75
1366,2262,2019,70.0,3,3.25
1367,2266,2019,70.0,3,3.5
1368,1371,2014,70.0,2,3.5
1369,1566,2015,70.0,2,3.0
1370,1562,2015,70.0,2,3.25
1371,1566,2015,70.0,2,3.25
1372,1562,2015,70.0,2,3.5
1373,1566,2015,70.0,2,3.5
1374,1728,2016,70.0,2,3.25
1375,1952,2017,70.0,2,3.25
1376,1952,2017,70.0,2,3.5
1377,1984,2017,70.0,3,4.0
1378,2122,2018,70.0,3,3.75
1379,2338,2019,70.0,3,3.25
1380,2442,2019,70.0,3,3.25
1381,2562,2021,70.0,3,3.5
1382,2562,2021,70.0,3,3.75
1383,1231,2014,71.0,3,3.5
1384,1856,2016,70.0,2,3.0
1385,947,2012,75.0,2,2.75
1386,947,2012,74.0,2,3.0
1387,855,2012,65.0,2,3.5
1388,903,2012,68.0,2,3.5
1389,947,2012,68.0,2,3.5
1390,903,2012,68.0,2,3.75
1391,157,2007,85.0,4,3.0
1392,2538,2020,72.0,2,2.5
1393,2538,2020,72.0,2,3.0
1394,2538,2020,72.0,2,3.0
1395,1049,2013,65.0,5,2.5
1396,1093,2013,71.0,4,3.0
1397,1097,2013,72.0,4,3.0
1398,1097,2013,70.0,4,3.5
1399,1395,2014,65.0,4,3.25
1400,1383,2014,70.0,2,3.75
1401,1395,2014,75.0,4,3.75
1402,2590,2021,70.0,3,2.75
1403,2586,2021,75.0,3,3.0
1404,1502,2015,75.0,2,2.0
1405,2194,2018,75.0,2,2.5
1406,2194,2018,70.0,2,3.0
1407,2198,2018,80.0,2,3.25
1408,2198,2018,78.0,2,3.5
1409,1976,2017,81.0,2,3.25
1410,2238,2018,70.0,2,3.0
1411,2692,2021,70.0,3,3.25
1412,2518,2020,72.0,3,3.25
1413,552,2010,46.0,5,2.75
1414,552,2010,60.0,5,3.0
1415,552,2010,58.0,5,3.0
1416,552,2010,65.0,5,3.5
1417,2506,2020,72.0,3,3.0
1418,2502,2020,73.0,3,3.25
1419,2502,2020,75.0,3,3.25
1420,2506,2020,68.0,3,3.25
1421,2506,2020,67.0,3,3.5
1422,552,2010,55.0,,2.25
1423,721,2011,70.0,,1.5
1424,2426,2019,75.0,3,2.5
1425,2430,2019,75.0,3,2.75
1426,284,2008,67.0,5,3.5
1427,288,2008,75.0,5,3.5
1428,284,2008,70.0,5,3.75
1429,284,2008,63.0,5,4.0
1430,2664,2021,70.0,2,2.5
1431,607,2010,72.0,4,2.75
1432,672,2011,70.0,4,2.5
1433,693,2011,70.0,4,2.75
1434,991,2012,70.0,4,3.25
1435,995,2012,70.0,4,3.25
1436,995,2012,70.0,4,3.5
1437,1085,2013,70.0,4,2.75
1438,1089,2013,70.0,4,2.75
1439,1089,2013,70.0,4,2.75
1440,1085,2013,70.0,4,3.5
1441,1940,2017,73.0,2,3.5
1442,300,2008,75.0,4,2.0
1443,308,2008,70.0,4,3.0
1444,308,2008,70.0,5,3.25
1445,308,2008,70.0,5,3.75
1446,531,2010,70.0,4,2.0
1447,184,2007,75.0,4,2.75
1448,184,2007,73.0,4,3.5
1449,1121,2013,65.0,5,3.5
1450,2226,2018,70.0,3,2.75
1451,311,2009,55.0,5,2.75
1452,502,2010,55.0,5,3.5
1453,1856,2016,70.0,3,3.0
1454,821,2012,74.0,3,3.75
1455,1219,2014,74.0,3,2.5
1456,1219,2014,74.0,3,2.75
1457,1446,2015,74.0,2,2.5
1458,1331,2014,70.0,4,2.75
1459,1007,2012,72.0,3,2.75
1460,1007,2012,72.0,3,3.0
1461,1003,2012,72.0,3,3.25
1462,1007,2012,72.0,3,3.25
1463,1089,2013,72.0,3,3.75
1464,1522,2015,72.0,3,3.5
1465,1522,2015,72.0,3,3.75
1466,2032,2017,70.0,3,3.25
1467,2442,2019,70.0,3,3.5
1468,871,2012,70.0,2,3.25
1469,875,2012,70.0,2,3.25
1470,871,2012,70.0,2,3.5
1471,1279,2014,85.0,2,3.5
1472,1255,2014,70.0,2,3.75
1473,1848,2016,70.0,3,3.5
1474,1844,2016,70.0,3,3.75
1475,1606,2015,70.0,3,2.75
1476,1610,2015,75.0,3,2.75
1477,1610,2015,72.0,3,3.0
1478,1474,2015,70.0,3,3.5
1479,1474,2015,62.0,3,3.5
1480,1478,2015,70.0,3,3.5
1481,1606,2015,70.0,3,3.5
1482,1606,2015,68.0,3,3.5
1483,1634,2015,78.0,3,3.5
1484,1896,2016,75.0,3,3.25
1485,1956,2017,73.0,2,3.0
1486,2262,2018,72.0,3,3.0
1487,2262,2018,72.0,3,3.25
1488,2040,2018,72.0,3,3.5
1489,1884,2016,70.0,3,2.75
1490,2610,2021,80.0,3,3.25
1491,2610,2021,70.0,3,3.5
1492,2598,2021,72.0,3,2.75
1493,2598,2021,72.0,3,2.75
1494,2598,2021,72.0,3,3.25
1495,1808,2016,75.0,2,3.25
1496,2158,2018,75.0,2,2.75
1497,895,2012,80.0,3,3.0
1498,845,2012,76.0,3,3.5
1499,845,2012,72.0,3,3.5
1500,845,2012,70.0,3,3.5
1501,849,2012,78.0,3,3.5
1502,955,2012,74.0,3,3.5
1503,1149,2013,75.0,3,3.5
1504,1650,2015,85.0,2,3.25
1505,1650,2015,68.0,2,3.5
1506,1650,2015,70.0,2,3.75
1507,2258,2018,75.0,3,3.5
1508,537,2010,65.0,,3.0
1509,544,2010,65.0,,3.0
1510,544,2010,65.0,,3.25
1511,544,2010,65.0,,3.5
1512,1189,2013,74.0,4,2.25
1513,1189,2013,89.0,4,2.5
1514,1836,2016,76.0,3,2.75
1515,1836,2016,82.0,3,3.0
1516,1836,2016,74.0,3,3.25
1517,572,2010,81.0,2,2.75
1518,572,2010,75.0,2,3.0
1519,572,2010,70.0,2,3.25
1520,713,2011,81.0,2,2.75
1521,777,2011,71.0,2,2.75
1522,701,2011,76.0,2,3.0
1523,709,2011,70.0,2,3.0
1524,777,2011,75.0,2,3.0
1525,777,2011,73.0,2,3.25
1526,672,2011,72.0,2,3.5
1527,773,2011,70.0,2,3.5
1528,777,2011,74.0,2,3.75
1529,999,2012,72.0,2,2.5
1530,999,2012,73.0,2,2.75
1531,959,2012,73.0,2,3.5
1532,1359,2014,75.0,2,3.75
1533,1450,2015,76.0,2,3.0
1534,1450,2015,74.0,2,3.25
1535,1177,2013,72.0,3,3.5
1536,1181,2013,70.0,3,3.75
1537,1177,2013,68.0,3,4.0
1538,1177,2013,74.0,3,4.0
1539,2704,2021,70.0,3,3.5
1540,1367,2014,70.0,2,3.25
1541,1367,2014,70.0,2,3.25
1542,1430,2014,82.0,2,3.25
1543,1430,2014,63.0,3,3.5
1544,2482,2020,70.0,3,3.0
1545,2486,2020,75.0,3,3.0
1546,2482,2020,65.0,3,3.25
1547,1728,2016,72.0,2,3.0
1548,2474,2020,70.0,3,2.5
1549,2478,2020,70.0,3,3.25
1550,1287,2014,70.0,2,2.5
1551,1287,2014,70.0,2,2.75
1552,1287,2014,70.0,2,3.0
1553,1291,2014,70.0,2,3.0
1554,1291,2014,70.0,2,3.5
1555,2362,2019,85.0,2,2.5
1556,2362,2019,70.0,2,2.75
1557,2362,2019,70.0,2,3.25
1558,2362,2019,70.0,2,3.25
1559,837,2012,80.0,4,2.5
1560,841,2012,72.0,4,2.5
1561,1347,2014,80.0,3,3.25
1562,1351,2014,70.0,3,3.25
1563,1347,2014,70.0,3,3.5
1564,1351,2014,80.0,3,3.5
1565,1494,2015,80.0,3,2.75
1566,1494,2015,70.0,3,3.0
1567,2250,2018,75.0,3,2.5
1568,1267,2014,70.0,3,3.0
1569,1267,2014,72.0,3,3.5
1570,2166,2018,72.0,3,3.25
1571,2170,2018,67.0,3,3.75
1572,1688,2015,70.0,3,3.5
1573,2210,2018,70.0,3,3.5
1574,24,2006,60.0,4,2.0
1575,24,2006,85.0,4,2.0
1576,81,2006,99.0,4,2.0
1577,24,2006,70.0,4,3.0
1578,24,2006,67.0,4,3.75
1579,24,2006,65.0,4,3.75
1580,24,2006,64.0,4,3.75
1581,117,2007,66.0,4,3.5
1582,135,2007,67.0,4,3.5
1583,963,2012,66.0,4,3.75
1584,2020,2017,69.0,4,3.25
1585,2270,2019,70.0,4,3.0
1586,2438,2019,70.0,4,3.5
1587,887,2012,65.0,4,1.5
1588,887,2012,75.0,4,2.0
1589,887,2012,70.0,4,2.5
1590,1117,2013,75.0,3,2.5
1591,1117,2013,80.0,4,3.25
1592,1538,2015,75.0,3,3.25
1593,1490,2015,80.0,3,3.5
1594,1490,2015,70.0,3,3.5
1595,1538,2015,70.0,3,3.5
1596,1490,2015,75.0,3,3.75
1597,1490,2015,75.0,3,3.75
1598,2112,2018,70.0,3,3.0
1599,2112,2018,70.0,3,3.25
1600,2114,2018,70.0,3,3.25
1601,2112,2018,70.0,3,3.5
1602,825,2012,70.0,4,3.5
1603,1073,2013,70.0,4,2.5
1604,2346,2019,70.0,3,3.0
1605,2346,2019,74.0,3,3.0
1606,2346,2019,76.0,3,3.0
1607,2566,2021,75.0,3,2.75
1608,2570,2021,74.0,3,3.0
1609,2570,2021,90.0,3,3.0
1610,2214,2018,70.0,2,3.0
1611,2214,2018,70.0,2,3.25
1612,2210,2018,70.0,2,3.5
1613,2214,2018,70.0,2,3.75
1614,607,2010,77.0,3,2.75
1615,2382,2019,67.0,3,2.75
1616,1920,2016,70.0,2,3.5
1617,1960,2017,72.0,2,3.0
1618,1960,2017,72.0,2,3.25
1619,1960,2017,65.0,3,3.5
1620,1960,2017,65.0,2,3.5
1621,2370,2019,72.0,3,3.75
1622,2458,2020,70.0,3,3.5
1623,1626,2015,70.0,2,3.5
1624,1880,2016,75.0,2,3.75
1625,2354,2019,70.0,3,3.0
1626,955,2012,65.0,,2.5
1627,607,2010,67.0,3,2.75
1628,1030,2013,72.0,3,3.0
1629,1026,2013,73.0,3,3.25
1630,2198,2018,72.0,3,2.5
1631,2170,2018,68.0,2,3.0
1632,2350,2019,72.0,3,3.0
1633,2338,2019,70.0,2,3.5
1634,2450,2019,72.0,2,3.75
1635,2648,2021,70.0,3,2.75
1636,2652,2021,70.0,3,3.25
1637,1618,2015,70.0,2,2.75
1638,1614,2015,70.0,2,3.0
1639,1618,2015,70.0,2,3.25
1640,661,2011,70.0,2,2.75
1641,661,2011,70.0,2,2.75
1642,2142,2018,70.0,3,3.25
1643,1812,2016,72.0,2,3.5
1644,2680,2021,76.0,3,3.5
1645,1391,2014,70.0,,3.25
1646,2222,2018,70.0,3,3.25
1647,2656,2021,72.0,3,3.5
1648,2542,2021,75.0,2,3.75
1649,1654,2015,70.0,,3.25
1650,1654,2015,63.0,,3.5
1651,1658,2015,85.0,,3.5
1652,2490,2020,70.0,3,3.0
1653,1462,2015,70.0,3,3.5
1654,1462,2015,80.0,3,3.5
1655,2190,2018,70.0,2,3.5
1656,1896,2016,71.0,2,2.75
1657,1896,2016,68.0,2,2.75
1658,1900,2016,68.0,2,2.75
1659,1900,2016,80.0,2,3.0
1660,1049,2013,58.0,3,2.5
1661,1049,2013,70.0,3,3.0
1662,867,2012,71.0,4,2.5
1663,1046,2013,70.0,4,3.75
1664,1133,2013,78.0,4,3.75
1665,1399,2014,75.0,4,2.75
1666,1399,2014,70.0,4,3.0
1667,1379,2014,70.0,4,3.25
1668,2458,2019,67.0,3,2.75
1669,2418,2019,70.0,3,3.25
1670,1007,2013,85.0,,3.5
1671,1403,2014,72.0,2,2.25
1672,1403,2014,70.0,2,2.5
1673,1403,2014,73.5,2,2.5
1674,1403,2014,70.0,3,3.5
1675,2060,2018,70.0,2,3.25
1676,15,2006,73.0,5,2.0
1677,15,2006,75.0,5,2.75
1678,24,2006,71.0,5,3.0
1679,135,2007,73.0,5,1.0
1680,230,2008,67.0,5,3.75
1681,531,2010,70.0,5,2.5
1682,1526,2015,72.0,2,2.25
1683,1526,2015,72.0,2,2.75
1684,1526,2015,72.0,2,3.0
1685,1526,2015,72.0,2,3.0
1686,2134,2018,72.0,2,3.0
1687,1022,2013,75.0,3,2.75
1688,1022,2013,75.0,3,3.5
1689,2398,2019,72.0,3,3.75
1690,2142,2018,70.0,3,3.0
1691,2162,2018,72.0,3,2.75
1692,2158,2018,72.0,3,3.0
1693,2174,2018,72.0,3,3.0
1694,2282,2019,74.0,3,2.75
1695,2394,2019,72.0,3,3.25
1696,1295,2014,75.0,4,3.0
1697,1299,2014,75.0,4,3.0
1698,1299,2014,75.0,4,3.25
1699,837,2012,70.0,,3.0
1700,841,2012,70.0,,3.0
1701,935,2012,75.0,2,2.75
1702,931,2012,70.0,2,3.0
1703,935,2012,80.0,2,3.25
1704,1458,2015,70.0,2,2.75
1705,1458,2015,70.0,2,3.0
1706,1458,2015,70.0,2,3.5
1707,1454,2015,70.0,2,3.75
1708,1470,2015,70.0,2,3.75
1709,2486,2020,70.0,3,3.0
1710,2486,2020,70.0,3,3.25
1711,1876,2016,70.0,3,3.5
1712,478,2010,70.0,5,2.5
1713,1638,2015,70.0,2,3.75
1714,2386,2019,70.0,2,3.75
1715,1558,2015,70.0,3,3.75
1716,1558,2015,75.0,3,4.0
1717,1411,2014,66.0,2,2.75
1718,1411,2014,70.0,2,3.0
1719,1411,2014,88.0,2,3.25
1720,1411,2014,74.0,2,3.5
1721,1760,2016,100.0,1,2.75
1722,1760,2016,70.0,2,3.5
1723,2490,2020,70.0,2,3.0
1724,2494,2020,70.0,2,3.0
1725,2494,2020,70.0,2,3.25
1726,2494,2020,70.0,2,3.25
1727,2498,2020,70.0,2,3.25
1728,2494,2020,70.0,2,3.75
1729,2498,2020,70.0,2,3.75
1730,2582,2021,100.0,1,3.0
1731,2704,2021,80.0,2,3.0
1732,2582,2021,70.0,2,3.25
1733,2696,2021,70.0,2,3.25
1734,2704,2021,70.0,2,3.5
1735,2566,2021,70.0,2,3.75
1736,1594,2015,70.0,3,2.75
1737,1598,2015,70.0,3,3.0
1738,761,2011,70.0,2,3.5
1739,2142,2018,78.0,3,3.75
1740,457,2009,67.0,3,2.75
1741,457,2009,75.0,3,3.0
1742,486,2010,72.0,3,3.0
1743,486,2010,72.0,3,3.0
1744,688,2011,76.0,5,2.0
1745,688,2011,76.0,5,2.75
1746,688,2011,85.0,5,2.75
1747,688,2011,85.0,5,3.0
1748,693,2011,80.0,4,2.75
1749,1247,2014,70.0,3,3.0
1750,1247,2014,66.0,3,3.5
1751,1816,2016,70.0,3,3.75
1752,2036,2018,73.0,3,3.0
1753,2514,2020,70.0,2,3.25
1754,2518,2020,70.0,2,3.25
1755,2518,2020,70.0,2,3.5
1756,2680,2021,75.0,3,2.75
1757,2676,2021,70.0,3,3.25
1758,2680,2021,75.0,3,3.25
1759,2676,2021,75.0,3,3.5
1760,1161,2013,74.0,3,2.75
1761,1165,2013,72.0,3,2.75
1762,1165,2013,72.0,3,2.75
1763,1165,2013,72.0,3,3.0
1764,1165,2013,72.0,3,3.0
1765,2076,2018,71.0,3,3.0
1766,331,2009,70.0,3,3.0
1767,341,2009,75.0,3,3.0
1768,341,2009,68.0,3,3.25
1769,733,2011,66.0,3,3.75
1770,1438,2014,68.0,3,2.75
1771,1442,2014,80.0,2,3.25
1772,24,2006,60.0,5,3.0
1773,316,2009,60.0,5,3.0
1774,859,2012,65.0,4,3.0
1775,859,2012,72.0,4,3.0
1776,266,2008,100.0,,2.0
1777,224,2008,60.0,4,2.75
1778,224,2008,72.0,4,3.0
1779,224,2008,65.0,4,3.0
1780,266,2008,70.0,4,3.5
1781,721,2011,70.0,4,3.5
1782,817,2012,85.0,4,2.75
1783,863,2012,70.0,4,4.0
1784,1415,2014,70.0,4,3.25
1785,1415,2014,70.0,4,3.5
1786,1415,2014,70.0,4,3.75
1787,1415,2014,70.0,4,4.0
1788,1848,2016,70.0,4,4.0
1789,2234,2018,72.0,5,3.25
1790,2230,2018,70.0,5,3.5
1791,2234,2018,72.0,5,3.75
1792,1239,2014,72.0,2,2.75
1793,1303,2014,75.0,2,2.75
1794,1399,2014,75.0,2,3.5
1795,1239,2014,78.0,2,3.75
1796,1399,2014,70.0,2,3.75
1797,1570,2015,70.0,2,3.25
1798,1570,2015,70.0,2,3.25
1799,1574,2015,72.0,2,3.5
1800,1574,2015,72.0,2,3.75
1801,1720,2016,70.0,2,2.75
1802,1720,2016,72.0,2,3.0
1803,1992,2017,72.0,2,2.75
1804,2000,2017,75.0,2,2.75
1805,1992,2017,70.0,2,3.5
1806,2286,2019,70.0,2,3.5
1807,1860,2016,76.0,2,3.0
1808,2334,2019,76.0,2,2.75
1809,2334,2019,76.0,2,3.0
1810,2298,2019,75.0,2,3.25
1811,2298,2019,76.0,2,3.25
1812,2302,2019,76.0,2,3.25
1813,2302,2019,71.0,2,3.5
1814,1363,2014,65.0,3,3.5
1815,1251,2014,70.0,2,3.0
1816,1255,2014,70.0,2,3.5
1817,1542,2015,70.0,2,3.5
1818,1856,2016,70.0,2,3.25
1819,2274,2019,75.0,3,2.75
1820,2274,2019,75.0,3,2.75
1821,2278,2019,75.0,3,3.0
1822,1137,2013,55.0,4,2.5
1823,1137,2013,70.0,4,2.75
1824,196,2007,70.0,3,4.0
1825,439,2009,67.0,3,3.5
1826,439,2009,70.0,3,3.5
1827,331,2009,75.0,3,4.0
1828,636,2011,70.0,3,3.75
1829,1034,2013,67.0,3,4.0
1830,1271,2014,73.0,2,2.25
1831,1271,2014,64.0,2,2.75
1832,1454,2015,82.0,3,3.0
1833,2258,2018,75.0,3,3.0
1834,2294,2019,70.0,4,3.25
1835,93,2006,72.0,5,3.0
1836,93,2006,72.0,5,3.75
1837,81,2006,72.0,5,4.0
1838,166,2007,85.0,5,3.5
1839,129,2007,72.0,5,3.75
1840,111,2007,70.0,5,4.0
1841,141,2007,72.0,5,4.0
1842,414,2009,72.0,5,3.0
1843,445,2009,72.0,5,3.0
1844,478,2010,75.0,5,3.0
1845,531,2010,85.0,5,3.0
1846,478,2010,75.0,5,3.25
1847,516,2010,78.0,5,3.75
1848,1658,2015,70.0,5,3.25
1849,2342,2019,76.0,4,3.0
1850,2342,2019,70.0,4,3.0
1851,2700,2021,72.0,4,3.5
1852,2462,2020,70.0,3,3.0
1853,2462,2020,70.0,3,3.5
1854,2462,2020,73.0,3,3.5
1855,1772,2016,80.0,4,2.5
1856,1315,2014,73.0,2,2.5
1857,1311,2014,73.0,2,3.25
1858,1319,2014,73.0,2,3.25
1859,1319,2014,73.0,2,3.5
1860,1506,2015,62.0,3,2.5
1861,1506,2015,80.0,2,2.75
1862,1510,2015,80.0,3,2.75
1863,1510,2015,80.0,3,2.75
1864,1510,2015,80.0,2,3.25
1865,2530,2020,70.0,3,3.0
1866,2530,2020,70.0,3,3.0
1867,2530,2020,70.0,3,3.25
1868,829,2012,76.0,3,2.5
1869,829,2012,82.0,3,2.75
1870,2582,2021,71.0,3,2.75
1871,2582,2021,76.0,3,3.0
1872,2586,2021,66.0,3,3.0
1873,607,2010,82.0,2,3.75
1874,789,2011,70.0,2,2.75
1875,654,2011,70.0,2,3.0
1876,647,2011,70.0,2,3.5
1877,789,2011,70.0,2,3.5
1878,1387,2014,70.0,2,3.75
1879,1820,2016,70.0,2,3.75
1880,2076,2018,70.0,2,4.0
1881,2538,2021,75.0,2,3.75
1882,2622,2021,70.0,2,3.75
1883,40,2006,75.0,4,3.0
1884,99,2006,75.0,4,3.0
1885,99,2006,75.0,4,3.0
1886,105,2006,75.0,4,3.0
1887,99,2006,75.0,4,3.5
1888,32,2006,75.0,4,3.75
1889,93,2006,80.0,4,3.75
1890,162,2007,75.0,4,4.0
1891,280,2008,75.0,4,2.0
1892,202,2008,100.0,2,3.0
1893,280,2008,75.0,4,3.5
1894,451,2009,75.0,4,2.0
1895,486,2010,75.0,4,3.5
1896,717,2011,75.0,4,3.25
1897,1446,2015,75.0,3,3.25
1898,2406,2019,75.0,4,3.0
1899,2410,2019,75.0,4,3.0
1900,2410,2019,75.0,4,3.0
1901,2414,2019,75.0,4,3.0
1902,2418,2019,75.0,4,3.0
1903,2410,2019,75.0,4,3.25
1904,2414,2019,75.0,4,3.25
1905,2410,2019,75.0,4,3.5
1906,2414,2019,75.0,4,3.5
1907,2418,2019,75.0,4,3.5
1908,2118,2018,75.0,2,3.25
1909,2118,2018,75.0,2,3.25
1910,2318,2019,70.0,2,2.75
1911,1223,2014,75.0,3,2.75
1912,1227,2014,85.0,3,2.75
1913,1223,2014,75.0,3,3.0
1914,1223,2014,72.0,3,3.25
1915,1688,2015,80.0,3,2.75
1916,1502,2015,70.0,3,3.5
1917,1530,2015,74.0,3,3.5
1918,1872,2016,77.0,3,3.5
1919,1956,2017,75.0,2,3.75
1920,2166,2018,72.0,3,3.25
1921,931,2012,73.0,4,2.75
1922,1988,2017,73.0,4,3.25
1923,1988,2017,75.0,4,3.25
1924,1984,2017,75.0,4,3.5
1925,1988,2017,66.0,4,3.5
1926,1988,2017,65.0,4,3.75
1927,935,2012,60.0,3,3.0
1928,935,2012,65.0,3,3.25
1929,1069,2013,55.0,3,2.75
1930,1057,2013,75.0,3,3.25
1931,1069,2013,80.0,3,3.25
1932,1057,2013,85.0,3,3.5
1933,2238,2018,70.0,3,3.0
1934,2426,2019,70.0,3,3.75
1935,2470,2020,70.0,3,3.5
1936,2506,2020,70.0,3,4.0
1937,2594,2021,70.0,3,3.75
1938,1796,2016,70.0,3,2.75
1939,1800,2016,74.0,3,3.0
1940,785,2011,85.0,3,3.5
1941,959,2012,75.0,3,3.25
1942,1708,2015,75.0,3,2.75
1943,1788,2016,70.0,3,3.0
1944,2032,2017,70.0,3,3.25
1945,2032,2017,70.0,3,3.5
1946,470,2010,70.0,5,2.75
1947,565,2010,75.0,,3.0
1948,1558,2015,70.0,2,2.5
1949,1562,2015,80.0,2,3.25
1950,1562,2015,73.0,2,3.5
1951,2668,2021,70.0,2,3.25
1952,1872,2016,75.0,3,3.25
1953,2166,2018,72.0,3,3.5
1954,2158,2018,72.0,3,3.75
1955,2158,2018,72.0,3,3.75
1956,2330,2019,72.0,3,3.5
1957,2334,2019,72.0,3,3.5
1958,2618,2021,72.0,3,3.5
1959,867,2012,70.0,,2.5
1960,147,2007,75.0,4,3.0
1961,147,2007,67.0,4,3.5
1962,170,2007,75.0,4,3.75
1963,439,2009,75.0,4,2.5
1964,494,2010,75.0,4,3.25
1965,745,2011,75.0,2,3.5
1966,967,2012,75.0,2,3.25
1967,979,2012,75.0,2,3.5
1968,891,2012,75.0,2,4.0
1969,1181,2013,75.0,2,3.0
1970,1089,2013,75.0,2,3.75
1971,1466,2015,85.0,2,3.5
1972,1466,2015,70.0,2,3.5
1973,1860,2016,75.0,2,3.75
1974,2008,2017,75.0,3,3.75
1975,2282,2019,70.0,2,3.5
1976,2418,2019,80.0,2,3.5
1977,2514,2020,75.0,3,3.5
1978,2080,2018,72.0,3,3.0
1979,2354,2019,70.0,3,2.5
1980,2354,2019,70.0,3,2.5
1981,1844,2016,70.0,2,3.25
1982,1844,2016,70.0,2,3.25
1983,1844,2016,70.0,2,3.25
1984,1061,2013,75.0,5,3.25
1985,1061,2013,68.0,4,3.25
1986,923,2012,66.0,,3.5
1987,213,2008,70.0,2,2.75
1988,213,2008,70.0,2,2.75
1989,213,2008,70.0,2,3.0
1990,213,2008,70.0,2,3.0
1991,327,2009,70.0,2,3.5
1992,565,2010,75.0,2,3.75
1993,793,2011,75.0,2,3.0
1994,979,2012,75.0,2,3.75
1995,1038,2013,70.0,2,3.5
1996,1081,2013,70.0,2,3.5
1997,1193,2013,75.0,2,3.75
1998,1081,2013,75.0,2,4.0
1999,1209,2014,80.0,2,3.75
2000,1566,2015,75.0,2,3.25
2001,1446,2015,70.0,2,3.75
2002,1748,2016,75.0,2,3.75
2003,717,2011,71.0,3,2.5
2004,765,2011,77.0,3,2.75
2005,713,2011,73.0,3,3.5
2006,717,2011,70.0,3,3.5
2007,871,2012,76.0,3,2.25
2008,809,2012,84.0,3,2.5
2009,871,2012,72.0,3,2.5
2010,2004,2017,73.0,3,3.75
2011,2672,2021,72.0,3,3.75
2012,1964,2017,72.0,3,2.75
2013,2036,2018,75.0,3,3.0
2014,2036,2018,70.0,3,3.5
2015,2668,2021,77.0,2,2.75
2016,2660,2021,72.0,2,3.5
2017,615,2010,100.0,,1.5
2018,615,2010,70.0,,3.0
2019,607,2010,64.0,,3.5
2020,615,2010,72.0,,3.5
2021,615,2010,72.0,,3.5
2022,813,2012,83.0,4,2.75
2023,813,2012,69.0,4,3.25
2024,288,2008,70.0,4,3.5
2025,288,2008,70.0,4,3.5
2026,288,2008,70.0,4,3.5
2027,292,2008,70.0,4,3.5
2028,2004,2017,70.0,4,3.25
2029,32,2006,53.0,5,2.0
2030,32,2006,65.0,5,3.0
2031,32,2006,70.0,5,3.75
2032,404,2009,75.0,3,2.75
2033,414,2009,70.0,5,3.0
2034,761,2011,70.0,5,2.75
2035,15,2006,82.0,5,2.0
2036,40,2006,68.0,5,2.0
2037,56,2006,70.0,5,2.0
2038,56,2006,62.0,5,3.0
2039,15,2006,70.0,5,3.5
2040,117,2007,72.0,5,3.0
2041,135,2007,62.0,5,3.0
2042,188,2007,75.0,5,3.0
2043,135,2007,75.0,5,3.75
2044,227,2008,72.0,5,3.0
2045,336,2009,68.0,5,3.75
2046,445,2009,72.0,5,3.75
2047,336,2009,65.0,5,4.0
2048,464,2010,68.0,5,3.5
2049,464,2010,65.0,5,3.75
2050,781,2011,68.0,5,3.75
2051,959,2012,78.0,4,4.0
2052,1658,2015,70.0,2,2.75
2053,1658,2015,70.0,2,2.75
2054,2104,2018,70.0,2,2.75
2055,2108,2018,70.0,2,3.0
2056,2104,2018,70.0,2,3.25
2057,2446,2019,70.0,2,2.75
2058,2446,2019,70.0,2,3.5
2059,2660,2021,75.0,2,3.25
2060,2590,2021,70.0,2,3.5
2061,2594,2021,70.0,2,3.5
2062,2660,2021,70.0,2,3.5
2063,2370,2019,70.0,3,3.0
2064,2370,2019,70.0,3,3.0
2065,2366,2019,70.0,3,3.5
2066,1335,2014,75.0,2,3.0
2067,1335,2014,72.0,2,3.25
2068,1466,2015,77.0,2,2.75
2069,1450,2015,72.0,2,3.25
2070,1450,2015,73.0,2,3.5
2071,1466,2015,74.0,2,3.5
2072,713,2011,73.0,4,2.0
2073,721,2011,73.0,4,2.5
2074,757,2011,75.0,3,3.5
2075,1884,2016,70.0,3,3.25
2076,1586,2015,82.0,3,3.25
2077,1586,2015,70.0,3,3.5
2078,911,2012,70.0,,2.5
2079,717,2011,67.0,4,3.0
2080,741,2011,68.0,4,3.0
2081,725,2011,65.0,4,3.25
2082,729,2011,60.0,4,3.25
2083,1339,2014,67.0,3,3.75
2084,1339,2014,73.0,3,3.75
2085,1343,2014,73.0,3,3.75
2086,1502,2015,100.0,1,3.0
2087,1506,2015,100.0,1,3.0
2088,1614,2015,73.0,2,3.0
2089,1614,2015,73.0,2,3.25
2090,1650,2015,73.0,2,3.25
2091,1788,2016,73.0,2,3.5
2092,1856,2016,73.0,2,3.5
2093,1860,2016,73.0,2,3.75
2094,1996,2017,73.0,2,3.75
2095,2652,2021,73.0,3,3.0
2096,2652,2021,73.0,3,3.25
2097,1454,2015,70.0,4,2.75
2098,1462,2015,72.0,3,3.0
2099,1626,2015,72.0,3,2.75
2100,1666,2015,67.0,3,3.0
2101,1618,2015,65.0,3,3.25
2102,1622,2015,70.0,3,3.5
2103,1662,2015,65.0,3,3.5
2104,1622,2015,67.0,3,3.75
2105,1622,2015,70.0,3,3.75
2106,1666,2015,70.0,3,3.75
2107,1622,2015,72.0,3,4.0
2108,1864,2016,70.0,3,3.0
2109,1908,2016,70.0,3,3.25
2110,1740,2016,70.0,3,3.75
2111,1756,2016,70.0,3,3.75
2112,1864,2016,67.0,3,3.75
2113,1740,2016,70.0,3,4.0
2114,1940,2017,70.0,3,3.5
2115,1952,2017,70.0,3,3.5
2116,502,2010,68.0,3,3.0
2117,502,2010,68.0,3,3.25
2118,693,2011,67.0,3,1.5
2119,2112,2018,66.0,3,3.25
2120,1968,2017,70.0,3,2.75
2121,1518,2015,72.0,2,3.0
2122,1812,2016,70.0,2,3.5
2123,1840,2016,85.0,2,2.75
2124,1840,2016,68.0,2,2.75
2125,2366,2019,70.0,3,2.5
2126,1792,2016,70.0,2,3.25
2127,1796,2016,75.0,2,3.25
2128,1157,2013,70.0,2,3.0
2129,1157,2013,70.0,2,3.0
2130,1161,2013,70.0,2,3.25
2131,1161,2013,70.0,3,3.25
2132,1161,2013,70.0,3,3.5
2133,1335,2014,70.0,3,3.0
2134,1992,2017,70.0,3,3.25
2135,2068,2018,70.0,3,3.25
2136,2660,2021,70.0,3,3.5
2137,377,2009,70.0,3,3.0
2138,387,2009,70.0,3,3.0
2139,377,2009,70.0,3,3.5
2140,387,2009,70.0,3,3.5
2141,387,2009,70.0,3,3.75
2142,387,2009,70.0,3,3.75
2143,607,2010,70.0,3,3.75
2144,676,2011,70.0,3,2.75
2145,676,2011,70.0,3,3.5
2146,688,2011,70.0,3,3.5
2147,682,2011,70.0,3,3.75
2148,676,2011,70.0,3,4.0
2149,676,2011,64.0,3,4.0
2150,817,2012,70.0,3,3.25
2151,951,2012,70.0,3,3.5
2152,967,2012,70.0,3,3.5
2153,983,2012,85.0,3,3.5
2154,833,2012,70.0,3,3.75
2155,951,2012,70.0,3,3.75
2156,867,2012,70.0,3,4.0
2157,867,2012,70.0,3,4.0
2158,1073,2013,70.0,3,2.75
2159,1030,2013,70.0,3,3.25
2160,1077,2013,70.0,3,3.25
2161,1173,2013,70.0,3,3.25
2162,1019,2013,77.0,3,3.75
2163,1073,2013,70.0,3,3.75
2164,1077,2013,70.0,3,3.75
2165,1077,2013,88.0,3,4.0
2166,1077,2013,70.0,3,4.0
2167,1081,2013,67.0,3,4.0
2168,1177,2013,70.0,3,4.0
2169,1307,2014,70.0,3,3.25
2170,1339,2014,70.0,3,3.25
2171,1227,2014,70.0,3,3.5
2172,1307,2014,80.0,3,3.5
2173,1259,2014,70.0,3,3.75
2174,1307,2014,70.0,3,3.75
2175,1594,2015,70.0,3,3.5
2176,1594,2015,75.0,3,4.0
2177,1832,2016,70.0,3,3.25
2178,1820,2016,62.0,3,3.5
2179,1820,2016,70.0,3,3.5
2180,1828,2016,70.0,3,3.5
2181,1828,2016,70.0,3,3.75
2182,1828,2016,75.0,3,3.75
2183,1828,2016,70.0,3,4.0
2184,2016,2017,70.0,3,3.25
2185,2016,2017,70.0,3,4.0
2186,2068,2018,70.0,3,3.0
2187,2242,2018,70.0,3,4.0
2188,2242,2018,70.0,3,4.0
2189,2680,2021,62.0,4,3.25
2190,2638,2021,70.0,3,3.5
2191,2638,2021,70.0,3,3.5
2192,2700,2021,70.0,3,4.0
2193,1367,2014,70.0,2,3.25
2194,1395,2014,70.0,2,3.5
2195,1932,2017,70.0,2,3.25
2196,1936,2017,75.0,2,3.25
2197,1936,2017,77.0,2,3.25
2198,1936,2017,70.0,2,3.5
2199,1936,2017,75.0,2,3.5
2200,1940,2017,80.0,2,3.5
2201,793,2012,70.0,4,3.0
2202,793,2012,80.0,4,3.0
2203,793,2012,75.0,4,3.25
2204,1434,2014,72.0,3,2.75
2205,1792,2016,70.0,3,3.5
2206,1792,2016,70.0,3,3.75
2207,1792,2016,70.0,3,3.75
2208,1932,2017,70.0,3,2.75
2209,1932,2017,70.0,3,3.5
2210,1932,2017,70.0,3,3.75
2211,2684,2021,70.0,2,3.25
2212,2684,2021,70.0,2,3.5
2213,2684,2021,70.0,2,3.5
2214,1057,2013,70.0,4,3.0
2215,1121,2013,84.0,3,2.25
2216,1113,2013,70.0,3,3.0
2217,1634,2015,70.0,4,3.0
2218,1692,2015,70.0,4,3.0
2219,1692,2015,70.0,4,3.0
2220,1692,2015,70.0,4,3.0
2221,1696,2015,70.0,4,3.0
2222,729,2011,72.0,4,3.25
2223,859,2012,68.0,4,2.75
2224,1291,2014,84.0,3,3.5
2225,1291,2014,70.0,3,3.5
2226,2012,2017,70.0,3,2.5
2227,939,2012,65.0,4,2.5
2228,943,2012,70.0,4,2.5
2229,943,2012,75.0,4,2.75
2230,1157,2013,67.0,2,2.75
2231,1157,2013,78.0,2,3.25
2232,1800,2016,61.0,5,2.5
2233,1800,2016,71.0,5,3.0
2234,1796,2016,70.0,3,2.75
2235,1796,2016,60.0,3,3.0
2236,1618,2015,70.0,2,2.75
2237,2434,2019,74.0,2,2.75
2238,2634,2021,72.0,3,3.0
2239,2634,2021,72.0,3,3.0
2240,2634,2021,77.0,3,3.5
2241,2634,2021,80.0,3,3.75
2242,2242,2018,70.0,5,2.5
2243,2234,2018,75.0,3,2.75
2244,2234,2018,70.0,5,3.0
2245,2242,2018,70.0,5,3.0
2246,2230,2018,75.0,5,3.25
2247,2474,2020,74.0,3,3.0
2248,2470,2020,68.0,3,3.25
2249,2482,2020,73.0,3,3.25
2250,761,2011,70.0,3,3.0
2251,939,2012,70.0,3,3.25
2252,939,2012,70.0,3,3.25
2253,939,2012,70.0,3,3.75
2254,1193,2013,70.0,3,3.25
2255,1185,2013,70.0,3,3.5
2256,1185,2013,70.0,3,3.5
2257,1263,2014,70.0,3,3.5
2258,1263,2014,70.0,3,3.75
2259,1668,2015,70.0,3,3.25
2260,1704,2015,88.0,3,3.25
2261,1704,2015,70.0,3,3.25
2262,1708,2015,70.0,3,3.25
2263,1708,2015,70.0,3,3.5
2264,1704,2015,70.0,3,3.75
2265,1105,2013,70.0,4,2.5
2266,1101,2013,70.0,4,2.75
2267,1101,2013,70.0,4,2.75
2268,1105,2013,70.0,4,3.0
2269,1680,2015,77.0,4,2.75
2270,1450,2015,70.0,5,3.0
2271,1450,2015,62.0,5,3.25
2272,1450,2015,60.0,5,3.25
2273,2286,2019,70.0,3,2.75
2274,2286,2019,75.0,3,3.0
2275,1868,2016,70.0,2,3.25
2276,2262,2019,75.0,4,3.0
2277,2326,2019,75.0,3,3.25
2278,2326,2019,75.0,3,4.0
2279,1646,2015,75.0,4,3.0
2280,2306,2019,72.0,3,3.0
2281,2306,2019,70.0,3,3.25
2282,2566,2021,67.0,3,2.75
2283,180,2007,70.0,3,3.0
2284,451,2009,75.0,3,2.75
2285,785,2011,87.0,3,3.25
2286,1271,2014,68.0,3,3.0
2287,199,2008,70.0,5,2.5
2288,280,2008,70.0,5,2.5
2289,284,2008,70.0,5,2.5
2290,280,2008,70.0,5,2.75
2291,387,2009,60.0,5,2.75
2292,387,2009,68.0,5,3.0
2293,915,2012,99.0,,3.25
2294,1716,2016,62.0,5,2.0
2295,821,2012,70.0,4,2.0
2296,801,2012,70.0,4,2.75
2297,829,2012,70.0,3,2.75
2298,967,2012,70.0,3,2.75
2299,801,2012,70.0,4,3.0
2300,805,2012,70.0,4,3.0
2301,829,2012,70.0,3,3.0
2302,971,2012,80.0,4,3.0
2303,817,2012,70.0,4,3.25
2304,825,2012,70.0,3,3.25
2305,833,2012,70.0,3,3.25
2306,971,2012,67.0,3,3.25
2307,805,2012,70.0,4,3.5
2308,971,2012,70.0,3,3.5
2309,1323,2014,77.0,2,3.25
2310,1323,2014,67.0,2,3.75
2311,1323,2014,73.0,2,3.75
2312,1478,2015,70.0,2,2.75
2313,1482,2015,70.0,2,3.25
2314,1554,2015,70.0,3,3.5
2315,1478,2015,70.0,2,3.75
2316,1478,2015,70.0,2,3.75
2317,1558,2015,70.0,3,3.75
2318,2374,2019,72.0,3,2.75
2319,2358,2019,77.0,3,3.0
2320,2370,2019,77.0,3,3.25
2321,1614,2015,70.0,3,3.0
2322,188,2007,91.0,2,2.0
2323,184,2007,75.0,4,2.5
2324,184,2007,84.0,4,3.0
2325,188,2007,75.0,3,3.0
2326,162,2007,65.0,3,3.5
2327,903,2012,65.0,4,3.25
2328,1684,2015,70.0,2,3.25
2329,2414,2019,70.0,2,3.5
2330,2182,2018,70.0,3,3.0
2331,2182,2018,70.0,3,3.25
2332,1836,2016,72.0,3,3.75
2333,2358,2019,71.0,2,2.75
2334,2510,2020,75.0,3,3.25
2335,1418,2014,81.0,2,3.25
2336,895,2012,70.0,,4.0
2337,789,2011,72.0,3,2.75
2338,789,2011,74.0,3,3.0
2339,927,2012,77.0,3,3.0
2340,2064,2018,70.0,3,2.75
2341,2060,2018,70.0,3,3.0
2342,2060,2018,70.0,3,3.5
2343,2270,2019,70.0,3,2.75
2344,2314,2019,70.0,2,3.5
2345,1239,2014,72.0,2,3.0
2346,907,2012,70.0,3,2.75
2347,821,2012,70.0,3,3.25
2348,2526,2020,70.0,2,3.25
2349,2526,2020,70.0,2,3.25
2350,2530,2020,70.0,2,3.75
2351,2664,2021,70.0,2,3.25
2352,2210,2018,73.0,3,3.0
2353,2218,2018,70.0,3,3.5
2354,2490,2020,70.0,2,2.75
2355,2490,2020,70.0,2,2.75
2356,2470,2020,70.0,2,3.0
2357,753,2011,72.0,,3.5
2358,753,2011,73.0,2,2.75
2359,1026,2013,75.0,2,2.5
2360,1022,2013,68.0,2,3.25
2361,1235,2014,75.0,2,3.5
2362,1700,2015,75.0,2,2.75
2363,1700,2015,75.0,2,3.5
2364,1996,2017,75.0,2,3.25
2365,1740,2016,60.0,3,3.0
2366,709,2011,63.0,,3.75
2367,2000,2017,75.0,2,2.75
2368,2004,2017,75.0,2,3.0
2369,2004,2017,75.0,2,3.25
2370,1438,2014,74.0,2,2.75
2371,1438,2014,70.0,2,3.0
2372,1752,2016,72.0,2,3.0
2373,1752,2016,72.0,2,3.25
2374,1327,2014,65.0,4,3.25
2375,1968,2017,70.0,3,3.75
2376,2210,2018,70.0,3,3.75
2377,2478,2020,74.0,3,3.5
2378,75,2006,64.0,5,2.5
2379,63,2006,66.0,5,3.0
2380,75,2006,64.0,5,3.0
2381,75,2006,64.0,5,3.5
2382,63,2006,70.0,5,3.75
2383,147,2007,85.0,5,1.5
2384,153,2007,85.0,5,2.5
2385,157,2007,71.0,5,2.75
2386,117,2007,72.0,5,3.0
2387,162,2007,64.0,5,3.25
2388,129,2007,65.0,5,3.75
2389,129,2007,64.0,5,4.0
2390,395,2009,68.0,5,3.5
2391,327,2009,64.0,5,3.75
2392,370,2009,66.0,5,3.75
2393,709,2011,56.0,5,3.25
2394,757,2011,64.0,5,4.0
2395,931,2012,69.0,5,4.0
2396,1145,2013,70.0,5,3.5
2397,1153,2013,64.0,5,3.5
2398,1510,2015,63.0,5,4.0
2399,1972,2017,60.0,3,3.25
2400,963,2012,72.0,,2.5
2401,963,2012,65.0,,2.75
2402,404,2009,72.0,3,2.75
2403,404,2009,76.0,4,2.75
2404,404,2009,80.0,4,2.75
2405,404,2009,70.0,,3.0
2406,404,2009,68.0,,3.0
2407,404,2009,64.0,,3.25
2408,1470,2015,70.0,2,3.25
2409,1470,2015,70.0,2,3.25
2410,2186,2018,70.0,2,2.75
2411,2186,2018,70.0,2,3.0
2412,2190,2018,70.0,2,3.25
2413,991,2012,70.0,3,3.25
2414,1117,2013,90.0,3,3.75
2415,1211,2014,90.0,3,3.25
2416,1211,2014,75.0,3,3.5
2417,1227,2014,75.0,3,3.5
2418,2578,2021,75.0,2,2.75
2419,2578,2021,75.0,2,3.0
2420,2578,2021,70.0,3,3.5
2421,2578,2021,75.0,2,3.5
2422,951,2012,70.0,4,3.5
2423,1205,2014,75.0,3,3.0
2424,153,2007,100.0,,2.0
2425,153,2007,90.0,,2.0
2426,153,2007,75.0,,3.0
2427,153,2007,65.0,3,3.0
2428,1458,2015,77.0,2,2.75
2429,1502,2015,77.0,2,2.75
2430,1458,2015,77.0,2,3.0
2431,1458,2015,77.0,2,3.0
2432,1458,2015,77.0,2,3.25
2433,1720,2016,70.0,5,2.5
2434,1720,2016,70.0,5,2.5
2435,1724,2016,70.0,5,3.0
2436,2178,2018,70.0,5,2.5
2437,2182,2018,70.0,5,2.5
2438,1756,2016,70.0,2,3.5
2439,1756,2016,70.0,2,3.5
2440,2012,2017,77.0,2,3.0
2441,2092,2018,68.0,3,3.0
2442,2096,2018,72.0,3,3.0
2443,2626,2021,74.0,3,3.5
2444,2626,2021,72.0,3,3.5
2445,2622,2021,74.0,2,3.75
2446,2622,2021,72.0,3,3.75
2447,733,2011,72.0,,2.5
2448,1169,2013,75.0,3,2.5
2449,1169,2013,89.0,3,2.75
2450,1173,2013,75.0,3,2.75
2451,1169,2013,75.0,3,3.25
2452,457,2009,70.0,3,3.0
2453,457,2009,72.0,3,3.25
2454,593,2010,71.0,3,3.0
2455,593,2010,72.0,3,3.5
2456,593,2010,69.0,3,3.75
2457,1109,2013,100.0,,2.25
2458,1227,2014,88.0,3,3.0
2459,1848,2016,70.0,3,4.0
2460,1912,2016,74.0,3,3.0
2461,1912,2016,76.0,3,3.5
2462,1916,2016,75.0,3,3.75
2463,2406,2019,68.0,3,3.25
2464,2346,2019,70.0,3,3.5
2465,2652,2021,70.0,3,3.5
2466,769,2011,70.0,2,3.5
2467,741,2011,70.0,2,4.0
2468,825,2012,70.0,2,2.5
2469,825,2012,70.0,2,3.0
2470,951,2012,70.0,3,3.25
2471,1042,2013,70.0,2,3.25
2472,1042,2013,70.0,2,3.5
2473,1243,2014,70.0,2,3.0
2474,2656,2021,70.0,2,3.0
2475,1057,2013,66.0,5,3.0
2476,2374,2019,65.0,4,2.75
2477,2378,2019,75.0,4,3.0
2478,2374,2019,70.0,4,3.25
2479,2522,2020,73.0,2,3.25
2480,2518,2020,70.0,2,3.5
2481,2522,2020,72.0,2,3.5
2482,1948,2017,70.0,2,2.5
2483,1948,2017,70.0,2,2.75
2484,2618,2021,70.0,3,3.25
2485,2618,2021,70.0,3,3.5
2486,2618,2021,70.0,3,3.5
2487,2700,2021,70.0,3,3.0
2488,1574,2015,70.0,3,3.0
2489,1582,2015,60.0,3,3.0
2490,1578,2015,70.0,3,3.25
2491,1578,2015,70.0,3,3.25
2492,1578,2015,70.0,3,3.25
2493,1578,2015,70.0,3,3.5
2494,1824,2016,70.0,3,2.75
2495,1824,2016,85.0,3,2.75
2496,1824,2016,85.0,3,3.0
2497,1820,2016,70.0,3,3.5
2498,1824,2016,70.0,3,3.5
2499,1880,2016,78.0,2,3.5
2500,697,2011,68.0,4,3.5
2501,701,2011,66.0,4,3.5
2502,701,2011,72.0,4,3.75
2503,1780,2016,65.0,5,3.25
2504,1716,2016,78.0,4,3.75
2505,2044,2018,72.0,3,3.0
2506,2230,2018,68.0,3,3.0
2507,2064,2018,75.0,3,3.25
2508,2048,2018,70.0,3,3.75
2509,486,2010,65.0,4,3.0
2510,749,2011,65.0,4,3.0
2511,781,2011,62.0,4,3.25
2512,749,2011,65.0,4,3.5
2513,647,2011,70.0,4,3.75
2514,875,2012,70.0,4,3.0
2515,879,2012,75.0,4,3.0
2516,879,2012,75.0,4,3.0
2517,879,2012,90.0,4,3.25
2518,883,2012,68.0,4,3.25
2519,801,2012,72.0,4,3.5
2520,801,2012,65.0,4,3.5
2521,875,2012,70.0,4,3.5
2522,883,2012,58.0,4,3.5
2523,875,2012,62.0,4,3.75
2524,879,2012,70.0,4,3.75
2525,1205,2014,80.0,4,2.75
2526,1996,2017,75.0,3,3.75
2527,2036,2018,75.0,3,3.0
2528,2170,2018,70.0,3,3.25
2529,2170,2018,72.0,3,3.5
